cod;descricao;ean
1;ACETATO DE CIPROTERONA 100MG CX C/ 20CP;9900000452810
3;ANDROCUR 100MG 20 COMPRIMIDOS;9900000452810
3;ANDROCUR CIPROTERONA 100MG 20 COMPRIMIDOS;9900000452810
3;CIPROTERONA 100MG 20CP ANDROCUR;9900000452810
1;COSOPOT FSC C/ 05ML;9900000452797
1;COSOPT C/ 05ML;9900000452797
1;VITAMINA D 7.000UI CX C/ 4CP;9900000452780
3;ADDERA D3 7.000UI 4 COMPRIMIDOS;9900000452780
3;ADDERA D3 7.000UI COSMED CAIXA COM 4 COMPRIMIDOS REVESTIDOS;9900000452780
3;ALTA D 7.000UI CAIXA C/ 4CP REVESTIDOS MOLES;9900000452780
3;VITAMINA D 7.000UI COM 4 COMPRIMIDOS;9900000452780
3;VITAMINA D 7000 UI CIMED 4 COMPRIMIDOS REVESTIDOS;9900000452780
3;VITAMINA D ADDERA D3 7.000UI 4 COMPRIMIDOS;9900000452780
1;LEVODOPA + CARBIDOPA 250 MG + 25 MG C/ 30 CP;9900000452773
3;CARBIDOL 250MG 30 COMPRIMIDOS CARBIDOPA + LEVODOPA;9900000452773
3;CARBIDOPA + LEVODOPA 25 + 250MG 30 COMPRIMIDOS ZYDUS GENÉRICO;9900000452773
1;OLANZAPINA 10MG C/ 30 CP;9900000452735
3;OLANZAPINA 10MG 30 COMPRIMIDOS (C1);9900000452735
3;OLANZAPINA 10MG 30 COMPRIMIDOS;9900000452735
3;OLANZAPINA 10MG 30 COMPRIMIDOS EUROFARMA GENÉRICO;9900000452735
3;OLANZAPINA 10MG 30 COMPRIMIDOS REVESTIDOS GEOLAB GENERICO C1;9900000452735
3;OLANZAPINA 10MG 30 COMPRIMIDOS: PARA QUE SERVE E COMO TOMAR;9900000452735
3;OLANZAPINA 10MG COM 30 COMPRIMIDOS;9900000452735
3;OLANZAPINA PRATI DONADUZZI 10MG, CAIXA COM 30 COMPRIMIDOS;9900000452735
1;AVENTAL MANGA LONGA TNT 30 GR C/10 CONFORTELL;9900000170943
3;AVENTAL C/PUNHO MANGA LONGA TNT BRANCO 30GR NAO ESTERIL C/10 UNID;9900000170943
3;AVENTAL DESC. MANGA LONGA TNT BR 30GR C/PUNHO 10UNDS CONFORTELL;9900000170943
3;AVENTAL DESC.MANGA LONGA TNT BR 30GR C/PUNHO 10UNDS CONFORTELL;9900000170943
3;AVENTAL DESC.MANGA LONGA TNT BR 30GR C/PUNHO 10UNDS;9900000170943
3;AVENTAL DESCARTÁVEL MANGA LONGA 30G BRAÇO COM PUNHO C/10;9900000170943
3;AVENTAL EM TNT DESCARTAVEL 30 GR 10 UN CONFORTELL;9900000170943
1;TOUCA DESCARTAVEL DE ELASTICO C/100 TALGE;9900000165376
3;TALGE TOUCA TNT DESCARTAVEL 100UN, TALGE;9900000165376
3;TOUCA DE TNT DESCARTÁVEL PARA CABELO TALGE COM 100 UNIDADES;9900000165376
3;TOUCA DESCARTAVEL C/100 TALGE;9900000165376
3;TOUCA DESCARTÁVEL DE TNT TALGE PT 100 UN;9900000165376
3;TOUCA DESCARTÁVEL PACOTE COM 100 UNIDADES TALGE;9900000165376
3;TOUCA DESCARTÁVEL TNT C/100 TALGE;9900000165376
3;TOUCA DESCARTÁVEL TNT TOUCA COZINHA COM ELÁSTICO 100UN TALGE;9900000165376
3;TOUCA TALGE TNT DESCARTÁVEL SANFONADA PACOTE C/100 UNIDADES;9900000165376
3;TOUCA TNT TALGE;9900000165376
3;TOUCA TNT TALGE COR BRANCA COM ELÁSTICO DESCARTÁVEL;9900000165376
1;GERMI RIO QUATERNARIO DE AMONIO 5 LITROS RIOQUIMICA;9900000152314
3;DESINFETANTE GERMI RIO;9900000152314
3;DESINFETANTE GERMI RIO 5 LITROS RIOQUIMICA;9900000152314
3;DESINFETANTE GERMI RIO 5L;9900000152314
3;DESINFETANTE GERMI RIO GALÃO 5L RIOQUÍMICA;9900000152314
3;DESINFETANTE GERMI RIO PRONTO PARA USO GALÃO 5 L RIOQUÍMICA;9900000152314
3;DESINFETANTE GERMI RIO PRONTO USO 5 LITROS;9900000152314
3;GERMI RIO PRONTO USO DESINFETANTE QUATERNÁRIO 5 L RIOQUIMICA;9900000152314
3;GERMI RIO® PRONTO USO 5L RIOQUÍMICA;9900000152314
3;QUATERNARIO DE AMONIO (GERMIRIO) 5L RIOQUIMICA;9900000152314
1;ESPARADRAPO IMPERMEAVEL 10CM X 4,5M C/ CAPA CREMER;9900000150181
3;ESPARADRAPO 10CM X 4,5M C/ CAPA CREMER;9900000150181
3;ESPARADRAPO 10CM X 4,5M IMPERMEAVEL C;9900000150181
3;ESPARADRAPO 10CM X 4,5M IMPERMEAVEL C/ CAPA CREMER;9900000150181
3;ESPARADRAPO 10CMX4,5M IMPERMEÁVEL C/CAPA PROCITEX CREMER;9900000150181
3;ESPARADRAPO 10CMX4.5M C/CAPA (PROCITEX) CREMER;9900000150181
3;ESPARADRAPO CREMER IMPERMEÁVEL 10CMX4,5M;9900000150181
3;ESPARADRAPO IMPERMEAVEL 10CM X 4,5M CREMER;9900000150181
3;ESPARADRAPO IMPERMEÁVEL (10CM X 4,5M) CREMER;9900000150181
3;ESPARADRAPO IMPERMEÁVEL BRANCO 10CM X 4,5M CREMER;9900000150181
3;ESPARADRAPO IMPERMEÁVEL BRANCO 10CMX4,5M PROCITEX CREMER;9900000150181
1;COMPRESSA DE GAZE 7,5 X 7,5CM 13F PLUS PACOTE C/500 MEDIPLUSS;9900000144289
3;COMPRESSA 7,5X7,5 13F C/ 500;9900000144289
3;COMPRESSA CIRÚRGICA DE GAZE (7,5 X 7,5;9900000144289
3;COMPRESSA DE GAZE 13 FIOS 7,5X7,5CM CURATIVO C/ 500 UNDS.;9900000144289
3;COMPRESSA DE GAZE 13 FIOS NÃO ESTÉRIL 7,5 X 7,5 LINA PACOTE COM;9900000144289
3;COMPRESSA DE GAZE 7,5 X 7,5 C/10 13F (C/500 UNIDADES);9900000144289
3;COMPRESSA DE GAZE 7,5 X 7,5CM 13 FIOS C/500 UNIDADES;9900000144289
3;COMPRESSA DE GAZE 7,5X7,5CM 13 FIOS PCT.C/500 NÃO;9900000144289
3;COMPRESSA DE GAZE HOSPITALAR;9900000144289
3;COMPRESSA DE GAZE NÃO ESTÉRIL 7,5X7,5 13F C/500;9900000144289
3;COMPRESSA DE GAZE ÍRIS 7,5 X 7,5CM C/ 500 UN. CREMER;9900000144289
1;MODULEN IBD SUPLEMENTO;9781405122344
3;MODULEN;9781405122344
3;MODULEN IBD;9781405122344
1;KIT IONOMERO DE VIDRO RIVA SC REG - A3 - SDI;9336472016685
3;IONOMERO DE VIDRO FOTO RIVA LIGHT CURE A3 SDI;9336472016685
3;IONÔMERO DE VIDRO;9336472016685
3;IONÔMERO DE VIDRO RESTAURADOR RIVA LIGHT CURE A3 SDI;9336472016685
3;IONÔMERO DE VIDRO RESTAURADOR RIVA LIGHT CURE SDI;9336472016685
3;IONÔMERO DE VIDRO RESTAURADOR SDI RIVA LIGHT CURE KIT PÓ/LÍQUIDO;9336472016685
3;KIT IONÔMERO DE VIDRO RESTAURADOR RIVA LIGHT CURE PÓ E LÍQUIDO SDI;9336472016685
3;KIT IONÔMERO DE VIDRO RIVA SELF CURE SDI;9336472016685
1;NALOXONA, CLORIDRATO 0,4MG/ML 1ML/HIPOLABOR;898123907562
3;CLORIDRATO DE NALOXONA 0,4MG/ML 1ML 10AMP NARCAN CRISTÁLIA;898123907562
3;CLORIDRATO DE NALOXONA 0,4MG/ML HIPOLABOR SOLUÇÃO INJETÁVEL 1ML;898123907562
3;CLORIDRATO NALOXONA 0,4MG/ML AMPOLA INJETÁVEL 1ML;898123907562
1;INDAPAMIDA 1,5 MG INDAPEN SR TORRENT;8903855076096
3;INDAPEN SR TORRENT 1,5MG;8903855076096
1;AZUKON MR 30MG C/60CP(14810);8903855076034
3;AZUKON 30MG TORRENT 60 COMPRIMIDOS;8903855076034
3;AZUKON MR 30 MG 60 COMPRIMIDOS;8903855076034
3;AZUKON MR 30MG COM 60 COMPRIMIDOS;8903855076034
3;AZUKON MR 30MG TORRENT 60 COMPRIMIDOS DE LIBERAÇÃO PROLONGADA;8903855076034
3;AZUKON MR GLICLAZIDA 30MG 60 COMPRIMIDOS;8903855076034
1;GLICLAZIDA 30 MG AZUKON MR TORRENT;8903855076034
1;GLICLAZIDA 30MG AZUKON MR TORRENT;8903855076034
1;VENLIFT OD 150 MG CAPS C/30 (C1);8903855062822
3;VENLIFT OD 150 MG 30 CAPSULAS DE LIBERAÇÃO PROLONGADA (C1);8903855062822
3;VENLIFT OD 150MG 30 CÁPSULAS;8903855062822
3;VENLIFT OD 150MG 30 CÁPSULAS C1;8903855062822
3;VENLIFT OD 150MG 30 CÁPSULAS TORRENT;8903855062822
3;VENLIFT OD 150MG COM 30 CÁPSULAS (C1);8903855062822
3;VENLIFT OD 150MG TORRENT 30 CÁPSULAS;8903855062822
3;VENLIFT OD 150MG, CAIXA COM 30 CÁPSULAS GELATINOSAS DURAS;8903855062822
1;VENLIFT OD 150MG C/30 CPR;8903855062822
3;VENLIFT OD 150MG 30 COMPRIMIDOS;8903855062822
1;TORLOS H 50MG + 12,5MG CX C/30 COMP/TORRENT;8903855062020
3;TORLOS H 50 MG + 12,5 MG 30 COMPRIMIDOS (TORRENT);8903855062020
3;TORLOS H 50MG + 12,5MG 30 COMPRIMIDOS REVESTIDOS;8903855062020
3;TORLÓS H 50MG + 12,5MG, CAIXA COM 30 COMPRIMIDOS REVESTIDOS;8903855062020
1;LOSARTANA POTASSICA 25MG -;8903855062013
3;CORUS LOSARTANA POTÁSSICA 25MG;8903855062013
1;LOSRATANA POTASSICA 25MG -;8903855062013
1;LOSRATANA POTASSICA 50MG -;8903855062013
1;TORLOS 50MG CX 30 CAP;8903855062013
3;TORLOS 50MG COMPRIMIDO REVESTIDO CAIXA COM 30;8903855062013
1;VENLAFAXINA 75MG (VENLIFT OD) CX C/ 30CPR;8903855062006
1;VENLAFAXINA OD 75MG COMP/TORRENT;8903855062006
3;CLORIDRATO DE VENLAFAXINA 75MG 30 CÁPSULAS TORRENT GENÉRICO;8903855062006
3;CLORIDRATO DE VENLAFAXINA 75MG COM 30 CÁPSULAS;8903855062006
3;CLORIDRATO DE VENLAFAXINA TORRENT 75MG, CAIXA COM 30 CÁPSULAS;8903855062006
3;VENLAFAXINA 75MG 30 CÁPSULAS (C1);8903855062006
3;VENLIFT OD 75MG 30 CÁPSULAS TORRENT;8903855062006
3;VENLIFT OD 75MG TORRENT 30 CÁPSULAS;8903855062006
1;VENLIFT OD 75 MG CAPS C/30 (C1);8903855062006
3;VENLIFT OD 75MG 30 CÁPSULAS C1;8903855062006
3;VENLIFT OD 75MG 30CAP (C1);8903855062006
3;VENLIFT OD 75MG C/30 CAPS (C1);8903855062006
3;VENLIFT OD 75MG COM 30 CÁPSULAS (C1);8903855062006
3;VENLIFT OD 75MG, CAIXA COM 30 CÁPSULAS GELATINOSAS DURAS;8903855062006
1;VENLIFT OD 75MG;8903855062006
1;VENLIFT OD 75MG 30 CPD C1;8903855062006
3;VENLIFT OD 75MG 30 COMPRIMIDOS NOVO;8903855062006
1;VENLIFT OD 75MG C/30;8903855062006
3;VENLIFT OD 75MG 30 CAPSULAS;8903855062006
3;VENLIFT OD 75MG CAIXA 30 CÁPSULAS DE LIBERAÇÃO PROLONGADA;8903855062006
3;VENLIFT OD 75MG COM 30 CAPSULAS;8903855062006
3;VENLIFT OD 75MG COM 30 CÁPSULAS;8903855062006
1;VENLAFAXINA CLORIDRATO 37,5MG-CAIXA COM 30 CAPSULAS GELATINOSAS DURAS DE ACAO PROLONGADA-VENLIFT OD-TORRENT;8903855061993
3;CLORIDRATO DE VENLAFAXINA 37,5MG TORRENT;8903855061993
3;CLORIDRATO DE VENLAFAXINA 37,5MG TORRENT 30 CÁPSULAS;8903855061993
3;CLORIDRATO DE VENLAFAXINA TORRENT 37,5MG, CAIXA COM 30 CÁPSULAS;8903855061993
1;VENLIFT OD 37,5MG;8903855061993
3;VENLIFT OD 37,5MG, CAIXA COM 30 CÁPSULAS GELATINOSAS DURAS;8903855061993
3;VENLIFT OD 37,5MG 30 CÁPSULAS;8903855061993
3;VENLIFT OD 37,5MG 30 CÁPSULAS C1;8903855061993
3;VENLIFT OD 37,5MG 30 CÁPSULAS TORRENT;8903855061993
3;VENLIFT OD 37,5MG COM 30 CÁPSULAS;8903855061993
3;VENLIFT OD 37,5MG TORRENT 30 CÁPSULAS;8903855061993
1;COMPLEXO HIDROX.FERRO POLIMAL.IV 5ML;8902344901147
1;COMPLEXO HIDROX.FERRO POLIMAL.IV 5ML (UNIAO Q/CLARIS);8902344901147
1;FERRIPOLIMALTOSE FERRO III - IV 5ML FABRICANTE: CLARIS;8902344901147
1;FERRIPOLIMALTOSE FERRO III 100MG - UNIAO QUIM;8902344901147
1;HIDROXIDO  DE FERRO POLIMALTOSA 100MG/5ML  (SUCROFER) UNIAO QUIMICA;8902344901147
3;SUCROFER IV 100MG/5ML C/5AMP;8902344901147
1;HIDROXIDO  DE FERRO POLIMALTOSA 100MG/5ML (SUCROFER) UNIAO QUIMICA;8902344901147
1;HIDROXIDO DE FERRO (SACARATO) 20MG/ML SOLUCAO INJETAVEL IV AMPOLA 5ML - UNIAO QUIM;8902344901147
3;SUCROFER 20MG/ML 5 AMPOLAS INTRAVENOSO 5ML;8902344901147
3;FERROPURUM FERRO III 20MG/ML SOLUÇÃO INJETÁVEL 5 AMPOLAS DE 5ML;8902344901147
3;SACARATO DE HIDROXIDO FERRICO IV 20MG/ML 5ML;8902344901147
3;SACARATO DE OXIDO FERRICO INJETÁVEL (NORIPURUM) 20MG/ML 5ML COM;8902344901147
3;SUCROFER 20MG/ML, 5 AMPOLAS COM 5ML DE SOLUÇÃO INJETÁVEL DE USO;8902344901147
1;HIDROXIDO DE FERRO III  POLIMALTOSADO 20MG/ML 5ML MEIZLER;8902344901147
3;FERROPURUM 20MG/ML SOLUÇÃO INJETÁVEL COM 5 AMPOLAS DE 5ML;8902344901147
1;HIDROXIDO DE FERRO III  SACARATO 20MG/ML 5ML IV SUCROFER UNIAO QUIMICA;8902344901147
3;SUCROFER 20MG/ML, CAIXA COM 5 AMPOLAS COM 5ML DE SOLUÇÃO DE;8902344901147
1;HIDROXIDO DE FERRO III POLIMALTOSADO 20MG/ML 5ML IV  UNIAO QUIMICA;8902344901147
1;HIDROXIDO DE FERRO III POLIMALTOSADO 20MG/ML SUCROFER CLARIS;8902344901147
1;HIDROXIDO DE FERRO III POLIMALTOSADO 330MG. 2ML AMP. EV;8902344901147
1;HIDROXIDO DE FERRO POLIMALTOSADO 100MG/5ML;8902344901147
3;NORIPURUM EV 100MG/5ML ENDOVENOSO COM 5 AMPOLAS;8902344901147
1;HIDROXIDO DE FERRO POLIMALTOSADO 100MG/5ML AP;8902344901147
1;HIDROXIDO DE FERRO POLIMALTOSADO 100MG/5ML AP (ITEM: );8902344901147
1;HIDROXIDO DE FERRO POLIMALTOSADO 100MG/5ML AP (ITEM: 6);8902344901147
1;HIDROXIDO DE FERRO POLIMALTOSADO 100MG/5ML SUCROFE;8902344901147
1;HIDROXIDO FERRICO  SACARATO 20MG/ML AMP 5ML CX C/05 - CLARIS- SUCROFER;8902344901147
1;HIDROXIDO FERRICO 100MG - 5ML EV INJETAVEL - COM LAUDO DE QUALIDADE, CARIMBO DE PROIBIDO A VENDA AO COMERCIO E VALIDADE;8902344901147
3;NORIPURUM 100MG EV 5 AMP 5ML;8902344901147
1;HIDROXIDO FERRICO 100MG/5ML AMP;8902344901147
3;NORIPURUM INJETÁVEL 100MG/5ML COM 5 AMPOLAS;8902344901147
1;HIDROXIDO FERRICO 100MG/5ML SUCROFER CLARIS;8902344901147
1;HIDROXIDO FERRICO 100MG/5ML UNIAO QUIMICA;8902344901147
1;HIDROXIDO FERRICO 20MG 5ML IV CX C 5 AMP (SUCROFER);8902344901147
1;HIDROXIDO FERRICO 20MG/ML;8902344901147
3;FERROPURUM (HIDROXIDO FERRICO III) 20MG/ML INTRAVENOSO 50;8902344901147
1;HIDROXIDO FERRICO 20MG/ML 5ML CX 5AMP   SUCROFER;8902344901147
1;HIDROXIDO FERRICO 20MG/ML CX 5AMP 5ML   SUCROFER;8902344901147
1;HIDROXIDO FERRICO 20MGML IV 5ML -;8902344901147
1;HIDROXIDO FERRICO SACARATO 20MG/ML/SUCROFER AMP 5 ML CX 5;8902344901147
1;P-FERRO, HIDROXIDO 100MG 5AMP 5ML;8902344901147
1;P-SUCROFER 100MG 5AMP 5ML;8902344901147
1;SACARATO DE FERRO POLIMALTOSADO 100MG FERRO III/5ML IV (SACARATO DE FERRO POLIMALTOSADO 100MG FERRO III/5ML IV);8902344901147
1;SACARATO DE HID. DE FERRO III (NORIPURUM);8902344901147
1;SACARATO DE HIDROXIDO  FERRICO 20MG/ML IV SUCROFER UNIAO QUIMICA;8902344901147
3;SUCROFER (SACARATO DE ÓXIDO FÉRRICO) 20MG/ML 5 AMPOLAS SOLUÇÃO;8902344901147
1;SACARATO DE HIDROXIDO DE FERRO 20MG/ML AMP 5ML IV SUCROFER UNIAO QUIMICA;8902344901147
1;SACARATO DE HIDROXIDO FERRICO 100MG/5ML;8902344901147
1;SACARATO DE HIDROXIDO FERRICO 100MG/5ML (SUCROFER) UNIAO QUIMICA;8902344901147
1;SACARATO DE HIDROXIDO FERRICO 100MG/5ML (SUCROFER) UNIAO QUIMICA CLARIS;8902344901147
1;SACARATO DE HIDROXIDO FERRICO 100MG/5ML E.V;8902344901147
3;NORIPURUM EV 100MG/5ML;8902344901147
1;SACARATO DE HIDROXIDO FERRICO 20MG/ML IV SUCROFER CX 5AMP 5ML;8902344901147
1;SACARATO HIDROXIDO DE FERRICO  20MG/ML 5ML IV SUCROFER UNIAO QUIMICA;8902344901147
1;SACARATO HIDROXIDO DE FERRO 100MG/5ML FABRICANTE: CLARIS;8902344901147
1;SACARATO HIDROXIDO FERRICO  20MG/ML 5ML IV SUCROFER UNIAO QUIMICA;8902344901147
1;SACARATO HIDROXIDO FERRICO 100MG IV 5ML -;8902344901147
1;SACARATO HIDROXIDO FERRICO 200MG/ML 5ML IV SUCROFER  UNIAO QUIMICA;8902344901147
1;SACARATO HIDROXIDO FERRICO 20MGML IV 5ML -;8902344901147
1;SACARATO HIDROXIDO FERRICO 20MGML IV 5ML C5 -;8902344901147
1;SACARATO HIDROXIDO FERRICO SUCROFER 20MG ML 5 ML INJ CX C  5 CX C  5 AP SUCROFER U QUIMICA;8902344901147
1;SUCROFER-20MG/ML IV CX 5 AMP 5ML;8902344901147
3;SUCROFER 20MG/ML IV INJET. AMP 5ML C/5 (ST);8902344901147
3;SUCROFER 20MG/ML, CAIXA COM 5 AMPOLAS COM 5ML DE SOLUÇÃO DE USO;8902344901147
1;SUCROFER (SACARATO DE HIDROXIDO DE FERRO) 20MG/ML INJ CX C/ 5 AMP 5ML;8902344901147
1;SUCROFER (SACARATO DE HIDROXIDO DE FERRO) 20MG/ML INJ IV CX C/ 5 AMP 5ML;8902344901147
1;SUCROFER 100MG IV C/5AMP 5ML(FERRO MALTOSE+ASS)UQF;8902344901147
1;SUCROFER 100MG/5ML IV;8902344901147
1;SUCROFER 100MG/5ML IV AP;8902344901147
1;SUCROFER 20MG/ML - SACARATO DE HIDROXIDO FERRICO IV CX AMPOLAS 5ML;8902344901147
1;SUCROFER 20MG/ML INJ CX 5 AMP;8902344901147
1;SUCROFER 20MG/ML INJ CX 5 AMP X 5ML IV;8902344901147
1;SUCROFER 20MG/ML IV INJ 5 ML C/5 AMP SACARATO DE HIDROXIDO FERRICO;8902344901147
1;SUCROFER SOL INJ 5 AMP 5ML;8902344901147
1;SUCROFER SOL INJ CX C/5 AMP X 5 ML;8902344901147
1;DFLAM 25MG/ML INJ CX 10 AMP X 3 ML IM;8902344465144
3;DFLAM TM 25MG/ML, CAIXA COM 10 AMPOLAS COM 3ML DE SOLUÇÃO DE;8902344465144
3;DICLOFENACO DE SÓDIO 25MG/ML 3ML 100AMP FARMACE;8902344465144
3;DICLOFENACO SODICO 25MG/ML SOLUCAO INJETAVEL 5 AMPOLAS 3 ML;8902344465144
1;DICLOF. SOD. 75MG 3ML INJ (DFLAN) UNIAO QUIMICA;8902344465144
3;DICLOFENACO SODICO 75MG INJETAVEL COM 3ML UNIAO QUIMICA GENERICO;8902344465144
3;DICLOFENACO SODICO INJETAVEL 75MG AMPOLA 3ML UNIAO;8902344465144
1;DICLOF. SODICO 75MG AMP 3ML (C/10);8902344465144
3;DICLOFARMA (DICLOFENACO SODICO) 75MG, 100 AMP 3ML IM;8902344465144
3;DICLOFENACO DE SÓDIO 75MG INJETÁVEL 3ML (VOLTAREM);8902344465144
1;DICLOFENACO SODICO 25MG/ML 3ML DFLAM UNIAO QUIMICA;8902344465144
3;DICLOFENACO SÓDICO 25MG/ML COM 5 AMPOLAS DE 3ML UNIÃO QUIMICA;8902344465144
1;DICLOFENACO SODICO 75MG/3ML (MEIZLER/CLARIS);8902344465144
3;DICLOFENACO SÓDICO (INJETÁVEL 75 MG/3 ML);8902344465144
1;DFLAM TM (DICLOFENACO SÃDICO) 25 MG/ML SOL INJ CX 10 AMP VD INC X 3 ML;8902344465120
3;DFLAM TM 25MG/ML, CAIXA COM 10 AMPOLAS COM 3ML DE SOLUÇÃO DE;8902344465120
1;BUPICAN HEAVY 5MG/ML INJ CX 10 AMP X 4 ML;8902344419178
3;BUPICAN HEAVY 5MG/ML SOLUÇÃO INJETÁVEL 5 AMPOLAS COM 4 ML;8902344419178
3;BUPIVACAÍNA 5MG/ML GLICOSE 4ML 10AMP UNIÃO QUÍMICA;8902344419178
1;BUPIVACAINA  0,5% 4ML + GLICOSE ( PESADA ) GENERICO HYPOFARMA;8902344419178
3;BUPIVACAINA 0,5% HIPERB PESADA C/ GLICOSE 50X4ML;8902344419178
3;BUPIVACAÍNA PESADA 0,5% + GLICOSE 8% 4ML NEOCAINA CRISTÁLIA;8902344419178
1;BUPIVACAINA 0,5% 4ML + GLICOSE ( PESADA ) NAO ESTERIL NEOCAINA CRISTALIA;8902344419178
3;BUPIVACAINA GLICOSE 0.5% 4ML SP (NEOCAINA PESADA);8902344419178
3;CLORIDRATO BUPIVACAÍNA ISOBÁRICA 0,5% 4ML NEOCAÍNA CRISTÁLIA;8902344419178
3;NEOCAINA 0,5% PESADA SOLUCAO INJETAVEL 40 ESTOJOS X 4ML;8902344419178
3;NEOCAÍNA 0,50% PESADA INJETÁVEL COM 40 AMPOLAS DE 4 ML;8902344419178
1;BUPIVACAINA 0,5% 4ML + GLICOSE ( PESADA ) UNIAO QUIMICA;8902344419178
1;BUPIVACAINA 0,5% 4ML + GLICOSE (PESADA) UNIAO QUIMICA;8902344419178
1;BUPIVACAINA 20MG CLORIDRATO,GLICOSE ANID (UNIAO Q/CLARIS);8902344419178
1;BUPIVACAINA CLOR.0,5% PESADA 10AMP 4ML (BUPICAN HE BUPICAN HEAVY - UNIAO QUIMICA;8902344419178
1;BUPIVACAINA+GLICOSE 5MG ML+80MG ML 4ML PESADA CX C 10 AMP;8902344419178
1;NEOCAINA 0,5% PES.10X4M (BUPIV+GLICOS);8902344419178
1;BUPICAN HEAVY (CLORIDRATO DE BUPIVACAINA C/ GLICOSE) 5MG/ML SOL INJ CX C/10 AMP VD TRANS X 4ML;8902344419147
3;BUPIVACAÍNA 5MG/ML GLICOSE 4ML 10AMP UNIÃO QUÍMICA;8902344419147
1;PROPOFOL 1% 10MG ML F A DE 50ML;8902344341325
1;PROPOFOL 1% 5FA 50ML (PROVIVE)(C1) - UNIAO QUIMICA;8902344341325
1;PROPOFOL 1% 5X50ML P344/98 (PROVIVE) C1 UNIAO QUIMICA;8902344341325
1;PROPOFOL 1% 5X50ML P344/98 (PROVIVE) UNIAO QUIMICA C1;8902344341325
1;PROPOFOL 10MG/ML 50ML (UNIAO Q/CLARIS);8902344341325
1;PROVIVE;8902344341325
3;PROVIVE;8902344341325
3;PROVIVE 1%;8902344341325
1;PROVIVE 1% 50ML 5UN (C1);8902344341325
1;PROPOFOL  10MG/ML 50ML (PROVIVE 1%)  [LISTA C1] (EMB. HOSP.) UNIAO QUIMICA CLARIS;8902344341318
3;PROVIVE 10MG/ML, CAIXA COM 1 FRASCO AMPOLA COM 50ML DE;8902344341318
1;PROPOFOL (C1) 10MG/ML CX C/ 1 FR 50ML - UNIAO QUIMICA - PROVIVE;8902344341318
1;PROPOFOL 10 MG ML FA X 50 ML - PROVIVE  CX C\ 1 FA PROVIVE CLARIS;8902344341318
1;PROPOFOL 10MG/ML FA;8902344341318
3;PROPOFOL (INJETÁVEL 10 MG/ML);8902344341318
3;PROPOFOL 10MG/ML (C1) 5 AMPOLAS;8902344341318
1;PROVIVE (C1);8902344341318
3;PROVIVE (PROPOFOL) (C1);8902344341318
3;PROVIVE;8902344341318
3;PROVIVE 1%;8902344341318
1;*PROPOFOL 10MG 20ML CX C 5 AMP (PROVIVE 1%) (C1);8902344341226
1;PROPOFOL  10MG/ML 20ML (PROVIVE 1%) IV UNIAO QUIMICA;8902344341226
3;PROPOFOL (PROVIVE) 10MG/ML 20ML 5AMP UNIÃO QUÍMICA;8902344341226
3;PROPOFOL 10MG/ML 20ML 5AMP PROVIVE UNIÃO QUÍMICA;8902344341226
3;PROPOFOL INJETÁVEL 10 MG/ML COM 5 AMPOLAS DE 20 ML;8902344341226
3;PROVIVE 10MG/ML, CAIXA COM 5 FRASCO AMPOLAS COM 20ML DE;8902344341226
1;PROPOFOL  10MG/ML 20ML (PROVIVE 1%) UNIAO QUIMICA;8902344341226
1;PROPOFOL  10MG/ML 20ML UNIAO QUIMICA;8902344341226
3;PROPOFOL (PROVIVE) 10MG/ML CX 5FA 20ML UNIÃO QUIMICA;8902344341226
3;PROPOFOL 10MG/ML 20ML (C1) (PROPOTIL) UNIAO QUIMICA;8902344341226
1;PROPOFOL 1  10MG/ML F/A DE 20ML;8902344341226
3;PROPOFOL TEUTO 10MG/ML, CAIXA COM 5 FRASCOS COM 20ML;8902344341226
3;PROPOFOL 10MG/ML 20ML (C1) (PROPOVAN);8902344341226
3;PROPOFOL 10MG/ML EMU INJ 20ML (GEN) CT C/ 5 FA/TEUTO/C1;8902344341226
3;PROPOVAN 10MG/ML 20ML 10AMP (PROPOFOL) CRISTÁLIA;8902344341226
1;PROPOFOL 1%;8902344341226
3;PROPOFOL;8902344341226
1;PROPOFOL 1% 10MG ML F A DE 20ML;8902344341226
1;PROPOFOL 1% 10MG/ML 20ML LISTA C1 IV PROVIVE UNIAO QUIMICA;8902344341226
3;PROVIVE 1% (PROPOFOL) 10MG/ML, 5FA 20ML, IV, P344/98 C1, AD/PED;8902344341226
1;PROPOFOL 1% 5X20 ML P344/98 (PROVIVE) C1 UNIAO QUIMICA;8902344341226
1;PROPOFOL 1% 5X20 ML P344/98 (PROVIVE) UNIAO QUIMICA C1;8902344341226
1;PROPOFOL 1% 5X20 ML P344/98 (PROVIVE) UNIAO QUIMICA C1.;8902344341226
1;PROPOFOL 10 MG / 20ML FABRICANTE: CLARIS P:344/98;8902344341226
1;PROPOFOL 10 MG ML EMULSAO INJETAVEL AMPOLA 20ML;8902344341226
1;PROPOFOL 10MG, INJETAVEL, 20ML;8902344341226
1;PROPOFOL 10MG/20ML;8902344341226
1;PROPOFOL 10MG/20ML - EMULSAO INJETAVEL - LISTA C1;8902344341226
1;PROPOFOL 10MG/ML;8902344341226
3;PROPOFOL (INJETÁVEL 10 MG/ML);8902344341226
1;PROPOFOL 10MG/ML - 20ML;8902344341226
3;PROPOFOL 10MG/ML 1% 5APX20ML IV ESTERIL P344/98 C1;8902344341226
1;PROPOFOL 10MG/ML - 20ML - FRASCO/AMPOLA;8902344341226
3;PROPOFOL 10MG/ML (C1) 5 AMPOLAS 20ML;8902344341226
3;PROPOFOL FRESENIUS KABI 10MG/ML, CAIXA COM 5 AMPOLAS COM 20ML;8902344341226
1;PROPOFOL 10MG/ML - UNIAO QUIM;8902344341226
3;PROVIVE (PROPOFOL) 10MG/ML INJETÁVEL CAIXA COM 5 FRASCO;8902344341226
1;PROPOFOL 10MG/ML 20ML;8902344341226
3;PROPOFOL 10MG/ML GENÉRICO INJETÁVEL 20ML 5AMP CAMBER;8902344341226
1;PROPOFOL 10MG/ML 20ML - UNIAO QUIM;8902344341226
1;PROPOFOL 10MG/ML 20ML (UNIAO Q/CLARIS);8902344341226
3;PROPOFOL 10MG/ML AMPOLA 20ML;8902344341226
1;PROPOFOL 10MG/ML 20ML FA;8902344341226
3;PROPOFOL 10 MG/ML EMU INJ CT 5 AMP VD INC X 20 ML BLAU FARMACÊUTICA;8902344341226
1;PROPOFOL 10MG/ML 20ML FA (ITEM: );8902344341226
3;OPONAP (PROPOFOL) 10MG/ML INJ IV C/5 FR AMP 20ML (C1);8902344341226
3;PROPOFOL 10MG/ML 20ML 5AMP PROPOTIL MIDFARMA;8902344341226
1;PROPOFOL 10MG/ML 20ML P 344 C1 UNIAO QUIMICA;8902344341226
1;PROPOFOL 10MG/ML 20ML P344 C1 PROPOVAN UNIAO QUIMICA;8902344341226
1;PROPOFOL 10MG/ML 20ML P344 C1 UNIAO QUIMICA;8902344341226
1;PROPOFOL 10MG/ML AMP 20ML UNIAO QUIMICA;8902344341226
1;PROPOFOL 10MG/ML CX 5AMP 20ML (C1)   PROVIVE;8902344341226
3;PROPOFOL 10MG/ML 20ML (C1) (PROVIVE);8902344341226
3;PROPOFOL 10MG/ML C/5AMP 20ML C1;8902344341226
1;PROPOFOL 10MG/ML CX 5FA 20ML (C1)   PROVIVE;8902344341226
1;PROPOFOL 10MG/ML EMULSAO INJETAVEL IV AMPOLA 20ML - UNIAO QUIM;8902344341226
1;PROPOFOL 10MG/ML FA (ITEM: );8902344341226
3;PROPOFOL 10MG/ML (C1) 5 AMPOLAS;8902344341226
1;PROPOFOL 10MG/ML SOL. INJ. 20ML;8902344341226
1;PROPOFOL 200MG/20ML AMP;8902344341226
1;PROPOFOL 200MG/20ML AMP - UNIAO QUIM;8902344341226
1;PROPOFOL 20ML 5FR - PROVIVE CX C  5 FA CX C  5 FA PROVIVE U QUIMICA;8902344341226
1;PROPOFOL(PROVIVE)10MG/ML INJ 5FA 20ML*HS UNIAO (C1);8902344341226
1;PROVIVE-1% 10MG/ML CX 5 AMP 20 ML;8902344341226
3;PROPOFOL 10MG/ML 20ML CX 5AMP;8902344341226
1;PROVIVE -1% 10MG/ML CX 5 AMP 20 ML;8902344341226
1;PROVIVE (PROPOFOL) *C1* 10MG/ML INJ IV CX C/5 FA 20ML;8902344341226
1;PROVIVE 1% 10 MG/ML IV AMP (C1) PROPOFOL (C1);8902344341226
3;PROVIVE 10MG/ML, CAIXA COM 1 FRASCO;8902344341226
1;PROVIVE 1% 10 MG/ML IV C/5 AMP (C1) PROPOFOL (C1);8902344341226
3;PROVIVE 10MG/ML, CAIXA COM 5 FRASCO;8902344341226
1;PROVIVE 1% 10MG/ML CX 5 FR-AMP;8902344341226
1;PROVIVE 1% 10MG/ML CX 5 FR-AMP X 20ML IV;8902344341226
1;PROVIVE 1% PROPOFOL 20ML 5UN (C1);8902344341226
1;PROVIVE 10 MG/ML CX C/5FR 20ML (C1);8902344341226
1;PROVIVE 10MG/ML 020MLX5(C1)(P);8902344341226
1;PROVIVE 10MG/ML 20ML;8902344341226
1;PROVIVE 10MG/ML 20ML FA;8902344341226
1;PROVIVE 10MG/ML 5FA 20ML (PROPOFOL)(C1);8902344341226
1;PROVIVE EMU INJ P344/98C1 CX C/5FR X20ML;8902344341226
1;PROVIVE HOSP 10MG/ML 5X20ML;8902344341226
3;PROPOFOL PROVIVE 10MG/ML 5X20ML*MEIZLER;8902344341226
1;PROPOFOL 10MG/ML 10ML P344 C1 PROVIVE UNIAO QUIMICA;8902344341127
3;PROPOFOL 10MG/ML 10ML (C1) (PROVIVE 1%) UNIAO QUIMICA;8902344341127
3;PROVIVE 10MG/ML, CAIXA COM 5 FRASCO AMPOLAS COM 10ML DE;8902344341127
1;PROPOFOL 10MG/ML C/5 X10ML AMP PROVIVE UNIAO (C1);8902344341127
1;LOSARTANA POTASSICA 25MG C30 -;8902220118430
3;LOSARTANA POTASSICA + HIDROCLOROTIAZIDA 100 + 25MG 30;8902220118430
3;LOSARTANA POTASSICA + HIDROCLOROTIAZIDA 100/25MG;8902220118430
1;TORLOS 25MG C/30 COMP;8902220118430
3;TORLOS 25MG 30 COMPRIMIDOS;8902220118430
3;TORLOS 25MG 30 COMPRIMIDOS REVESTIDOS;8902220118430
3;TORLOS 25MG COM 30 COMPRIMIDOS;8902220118430
1;TORLOS 25MG C/30 COMP REV-SIMILAR;8902220118430
3;TORLÓS 25MG 30 COMPRIMIDOS REVESTIDOS;8902220118430
3;TORLOS 25MG C 30COMP REV;8902220118430
1;TORLOS 25MG CPR 1X30-SIMILAR;8902220118430
1;NEBLOCK 5MG 60CPR NEBIVOLOL;8902220116214
3;NEBLOCK 5MG, CAIXA COM 60 COMPRIMIDOS;8902220116214
3;NEBLOCK 5 MG 60 COMPRIMIDOS;8902220116214
3;NEBLOCK 5MG 60 COMPRIMIDOS;8902220116214
3;NEBLOCK 5MG 60CPR;8902220116214
3;NEBLOCK 5MG CX 60 COMP;8902220116214
3;NEBLOCK CLORIDRATO DE NEBIVOLOL 5MG 60 COMPRIMIDOS;8902220116214
1;OLMESARTANA MEDOXOMILA 20MG/OLMECOR CX 60 COMP;8902220115569
1;NEBLOCK 5MG CX 30 COMP;8902220114937
3;NEBLOCK 5MG, CAIXA COM 30 COMPRIMIDOS;8902220114937
3;NEBLOCK 5MG 30 COMPRIMIDOS;8902220114937
3;NEBLOCK 5MG COM 30 COMPRIMIDOS;8902220114937
3;NEBLOCK 5MG TORRENT 30 COMPRIMIDOS;8902220114937
3;NEBLOCK CLORIDRATO DE NEBIVOLOL 5MG 30 COMPRIMIDOS;8902220114937
1;CLORID NEBIVOLOL 5MG 30CPR TORRENT;8902220114906
3;CLORID NEBIVOLOL 5MG 30CPR TORRENT GEN;8902220114906
3;CLORIDRATO DE NEBIVOLOL 5MG 30 COMPRIMIDOS GENÉRICO TORRENT;8902220114906
3;CLORIDRATO DE NEBIVOLOL TORRENT 5MG, CAIXA COM 30 COMPRIMIDOS;8902220114906
3;CLORIDRATO NEBIVOLOL 5MG 30 COMPRIMIDOS TORRENT;8902220114906
1;CLORID NEBIVOLOL 5MG C/30;8902220114906
3;CLORIDRATO DE NEBIVOLOL BIOLAB GENÉRICOS 5MG, CAIXA COM;8902220114906
1;CLORID.NEBIVOLOL 5MG 30CPR;8902220114906
3;CLORIDRATO DE NEBIVOLOL 5MG 30CPR GERMED;8902220114906
3;CLORIDRATO DE NEBIVOLOL 5MG CAIXA COM 30 COMPRIMIDOS GENERICO;8902220114906
3;CLORIDRATO NEBIVOLOL 5MG 30 COMPRIMIDOS;8902220114906
1;CLORID.NEBIVOLOL 5MG C/30;8902220114906
3;CLORIDRATO DE NEBIVOLOL 5MG TEUTO;8902220114906
1;CLORID.NEBIVOLOL 5MG CX 30 COMP;8902220114906
3;CLORIDRATO DE NEBIVOLOL 5MG 30 COMPRIMIDOS ACHÉ GENÉRICO;8902220114906
3;CLORIDRATO DE NEBIVOLOL 5MG 30 COMPRIMIDOS BIOLAB GENERICOS;8902220114906
3;CLORIDRATO DE NEBIVOLOL 5MG 30 COMPRIMIDOS BIOLAB GENÉRICO;8902220114906
3;CLORIDRATO DE NEBIVOLOL 5MG COM 30 COMPRIMIDOS;8902220114906
3;CLORIDRATO DE NEBIVOLOL 5MG COM 30 COMPRIMIDOS GENÉRICO ACTAVIS;8902220114906
1;CLORIDRATO DE NEBIVOLOL 5MG C/30 COMP/TORRENT;8902220114906
3;CLORIDRATO DE NEBIVOLOL TORRENT 5MG CAIXA COM 30 COMPRIMIDOS;8902220114906
3;CLORIDRATO DE NEBIVOLOL 5MG 30 COMPRIMIDOS TORRENT GENÉRICO;8902220114906
3;CLORIDRATO DE NEBIVOLOL 5MG COM 30 COMPRIMIDOS GENERICO TORRENT;8902220114906
3;CLORIDRATO DE NEBIVOLOL 5MG TORRENT 30 COMPRIMIDOS;8902220114906
1;OLMESARTANA 20MG C/ 30 COMP TOR-GENERICO;8902220114876
3;OLMESARTANA 20MG C/ 30 COMP TOR;8902220114876
3;OLMESARTANA 20MG COM 30 COMPRIMIDOS TOR;8902220114876
3;OLMESARTANA MEDOXOMILA 20MG 30 COMPRIMIDOS REVESTIDOS;8902220114876
3;OLMESARTANA MEDOXOMILA 20MG 30 COMPRIMIDOS TORRENT GENÉRICO;8902220114876
3;OLMESARTANA MEDOXOMILA 20MG COM 30 COMPRIMIDOS;8902220114876
1;OLMESARTANA OLMECOR 20MG COMP/TORRENT;8902220114876
1;OLMECOR 20MG CPR REV 1X30-SIMILAR;8902220114845
1;OLMESARTANA 40MG  C/30;8902220114814
1;OLMECOR 40 MG C  30 COMP REV;8902220114784
3;OLMECOR 40MG, CAIXA COM 30 COMPRIMIDOS REVESTIDOS;8902220114784
3;OLMECOR 40MG 30 COMPRIMIDOS;8902220114784
3;OLMECOR 40MG 30 COMPRIMIDOS REVESTIDOS;8902220114784
3;OLMECOR 40MG COM 30 COMPRIMIDOS;8902220114784
3;OLMECOR 40MG TORRENT 30 COMPRIMIDOS;8902220114784
1;OLMECOR 40 MG C/ 30 COMP REV-SIMILAR;8902220114784
3;OLMECOR 40 MG C/ 30 COMP REV;8902220114784
1;OLMECOR 40MG C/ 30 COMP;8902220114784
3;OLMECOR OLMESARTANA MEDOXOMILA 40MG 30 COMPRIMIDOS;8902220114784
1;OLMECOR 40MG C/30 COMP REV-SIMILAR;8902220114784
1;OLMECOR 40MG C/30 CPR;8902220114784
1;RISPERIDONA 1MG CX 30CPR (C1)   RESPIDON;8902220114722
3;RESPIDON 1MG, CAIXA COM 30 COMPRIMIDOS REVESTIDOS;8902220114722
3;RESPIDON 1MG 30 COMPRIMIDOS REVESTIDOS C1;8902220114722
3;RESPIDON 1MG 30 COMPRIMIDOS TORRENT;8902220114722
3;RISPERIDONA ACHÉ 1MG CAIXA COM 30 COMPRIMIDOS REVESTIDOS;8902220114722
3;RISPERIDONA 1MG 30 COMPRIMIDOS EUROFARMA GENÉRICO;8902220114722
3;RISPERIDONA 1MG 30 COMPRIMIDOS REVESTIDOS (C1);8902220114722
3;RISPERIDONA 1MG CAIXA COM 30 COMPRIMIDOS REVESTIDOS (C1;8902220114722
1;LAMITOR CD;8902220113107
3;LAMITOR CD;8902220113107
1;LAMITOR CD 50MG CX 30 COMP;8902220113107
3;LAMITOR CD 50 MG CAIXA COM 30 COMPRIMIDOS DISPERSIVEL (C1);8902220113107
3;LAMITOR CD 50MG 30 COMPRIMIDOS;8902220113107
3;LAMITOR CD 50MG 30 COMPRIMIDOS DISPERSIVEIS C1;8902220113107
3;LAMITOR CD 50MG COM 30 COMPRIMIDOS C;8902220113107
3;LAMITOR CD 50MG SUSPENSÃO DE USO ORAL COM 30 COMPRIMIDOS;8902220113107
3;LAMITOR CD 50MG TORRENT 30 COMPRIMIDOS;8902220113107
3;LAMITOR CD 50MG, CAIXA COM 30 COMPRIMIDOS PARA SUSPENSÃO DE;8902220113107
3;LAMITOR CD LAMOTRIGINA 50MG 30 COMPRIMIDOS;8902220113107
1;TORLOS 100MG CX 30 COMP;8902220112551
3;TORLOS 100MG 30 COMPRIMIDOS;8902220112551
3;TORLOS 100MG 30 COMPRIMIDOS REVESTIDOS;8902220112551
3;TORLÓS 100MG CAIXA 30 COMPRIMIDOS REVESTIDOS;8902220112551
3;TORLÓS 100MG TORRENT 30 COMPRIMIDOS;8902220112551
3;TÓRLOS 100MG TORRENT 30 COMPRIMIDOS BLÍSTER;8902220112551
1;VALSARTANA+HID.160/12.5MG C/30CP(6800);8902220112339
1;PIOGLITAZONA 45MG GENERICO TORRENT;8902220109865
1;CLOR DE PIOGLITAZONA 30MG CX 30 COMP;8902220109810
3;CLORIDRATO DE PIOGLITAZONA 30MG 30 COMPRIMIDOS;8902220109810
3;CLORIDRATO DE PIOGLITAZONA 30MG 30 COMPRIMIDOS GERMED GENÉRICO;8902220109810
3;CLORIDRATO DE PIOGLITAZONA 30MG COM 30 COMPRIMIDOS GENÉRICO;8902220109810
3;CLORIDRATO DE PIOGLITAZONA 30MG, CAIXA COM 30 COMPRIMIDOS;8902220109810
3;CLORIDRATO DE PIOGLITAZONA NOVA QUÍMICA 30MG, 30 COMPRIMIDOS;8902220109810
3;PIOGLITAZONA 30MG MEPHA 30 COMPRIMIDOS;8902220109810
1;CLOR PIOGLITAZONA 30 MG COM CT BL AL/AL X 30;8902220109810
3;CLORIDRATO DE PIOGLITAZONA (COMPRIMIDO 30 MG);8902220109810
3;CLORIDRATO DE PIOGLITAZONA 30 MG COM CT BL AL AL X 30 AUROBINDO;8902220109810
3;CLORIDRATO DE PIOGLITAZONA 30 MG COM CT BL AL AL X 30;8902220109810
3;CLORIDRATO DE PIOGLITAZONA NOVA QUÍMICA 30MG, CAIXA COM;8902220109810
1;CLOR PIOGLITAZONA 30MG 30CPR TOR-GENERICO;8902220109810
3;CLORIDRATO DE PIOGLITAZONA 30MG TORRENT GENÉRICO 30 COMPRIMIDOS;8902220109810
3;GENÉRICO CLORIDRATO DE PIOGLITAZONA 30MGENÉRICO 30CPR;8902220109810
3;STANGLIT CLORIDRATO DE PIOGLITAZONA 30MG 30 COMPRIMIDOS;8902220109810
1;CLORIDRATO DE PIOGLITAZONA;8902220109810
1;CLORIDRATO DE PIOGLITAZONA 30 MG 30 CP;8902220109810
1;CLORIDRATO DE PIOGLITAZONA 30MG CX 30 COMP GEN;8902220109810
1;ROSUVASTATINA CALCICA 20MG;8902220109551
1;ROSUVASTATINA C.10MG C/30CP (08227);8902220109544
1;ROSUVASTATINA C.10MG C/30CP(8227);8902220109544
1;ESCITALOPRAM (OXALATO) 10MG-CX C/30 COMPRIMIDOS;8902220109339
3;OXALATO DE ESCITALOPRAM 10MG 30 COMPRIMIDOS EUROFARMA GENÉRICO;8902220109339
3;OXALATO DE ESCITALOPRAM 10MG 30 COMPRIMIDOS TEUTO GENÉRICO;8902220109339
3;OXALATO DE ESCITALOPRAM 10MG COM 30 COMPRIMIDOS;8902220109339
3;OXALATO DE ESCITALOPRAM 10MG NEO QUÍMICA COM 30 COMPRIMIDOS;8902220109339
3;OXALATO DE ESCITALOPRAM MEDLEY 10MG, CAIXA COM 30 COMPRIMIDOS;8902220109339
3;OXALATO ESCITALOPRAM 10MG 30 COMPRIMIDOS EUROFARMA GENERICO C1;8902220109339
1;OXALATO DE ESCITALOPRAM 10 MG (C1) GENERICO TORRENT;8902220109339
3;OXALATO DE ESCITALOPRAM 10MG;8902220109339
1;OXALATO DE ESCITALOPRAM 10MG 30CPR;8902220109339
3;ESCITALOPRAM 10MG EMS GENÉRICO 30 COMPRIMIDOS REVESTIDOS;8902220109339
3;OXALATO DE ESCITALOPRAM 10MG C/30 CPR;8902220109339
3;OXALATO DE ESCITALOPRAM CIMED 10MG, CAIXA COM 30 COMPRIMIDOS;8902220109339
3;OXALATO ESCITALOPRAM 10MG 30 COMPRIMIDOS REVESTIDOS (C1);8902220109339
1;ESPRAN 10MG C/30 COMP C1/TORRENT/C1;8902220109292
3;ESPRAN 10MG, CAIXA COM 30 COMPRIMIDOS REVESTIDOS;8902220109292
3;ESPRAN 10MG 30 COMPRIMIDOS;8902220109292
3;ESPRAN 10MG 30 COMPRIMIDOS C1;8902220109292
3;ESPRAN 10MG 30 COMPRIMIDOS TORRENT (C1);8902220109292
3;ESPRAN 10MG 30 COMPRIMIDOS TORRENT;8902220109292
3;ESPRAN 10MG, CAIXA COM 30 COMPRIMIDOS REVESTIDOS;8902220109292
3;ESPRAN OXALATO DE ESCITALOPRAM 10MG 30 COMPRIMIDOS;8902220109292
1;ESPRAN 10MG CX 30 COMP;8902220109292
3;ESPRAN 10MG 30 COMPRIMIDOS REVESTIDOS;8902220109292
3;ESPRAN 10MG COM 30 COMPRIMIDOS;8902220109292
1;CARVEDILOL 6,25 MG GENERICO TORRENT;8902220109049
1;DONEPEZILA CLORIDRATO 10MG (C1) GENERICO TORRENT;8902220108721
3;CLORIDRATO DE DONEPEZILA 10MG TORRENT;8902220108721
1;CLORIDRATO DONEPEZILA 5 MG C/30 CPR            C1;8902220108677
3;CLORIDRATO DE DONEPEZILA 5MG 30 COMPRIMIDOS RANBAXY;8902220108677
3;CLORIDRATO DE DONEPEZILA 5MG 30 COMPRIMIDOS RANBAXY GENÉRICO;8902220108677
3;CLORIDRATO DE DONEPEZILA 5MG COM 30 COMPRIMIDOS PSICOTRÓPICOS;8902220108677
3;CLORIDRATO DE DONEPEZILA EMS 5MG, CAIXA COM 30 COMPRIMIDOS;8902220108677
3;CLORIDRATO DONEPEZILA 5MG 30 COMPRIMIDOS BIOLAB GENÉRICO;8902220108677
3;CLORIDRATO DONEPEZILA 5MG 30 COMPRIMIDOS REVESTIDOS REDDYS;8902220108677
3;DONEPEZILA 5MG 30 COMPRIMIDOS (C1);8902220108677
3;DONEPEZILA 5MG 30 COMPRIMIDOS REVESTIDOS GENÉRICO SANDOZ (C1);8902220108677
1;CLORIDRATO DONEPEZILA 5MG -;8902220108677
1;DONEPEZILA 5MG;8902220108677
1;DONEPEZILA CLORIDRATO 5MG (C1) GENERICO TORRENT;8902220108677
3;CLORIDRATO DE DONEPEZILA 5MG TORRENT GENÉRICO CAIXA 30;8902220108677
3;CLORIDRATO DE DONEPEZILA GENÉRICO TORRENT 5MG;8902220108677
1;DONEPEZILA CLORIDRATO 10MG C/30 COMP/TORRENT/C1;8902220108417
3;CLORIDRATO DE DONEPEZILA 10 MG 30 CPR (C1) TORRENT GENERICO;8902220108417
3;CLORIDRATO DE DONEPEZILA 10MG 30 COMPRIMIDOS TORRENT GENÉRICO;8902220108417
3;CLORIDRATO DE DONEPEZILA 10MG 30CPR (C1) TORRENT;8902220108417
3;CLORIDRATO DE DONEPEZILA TORRENT 10MG, CAIXA COM 30 COMPRIMIDOS;8902220108417
3;CLORIDRATO DONEPEZILA 10MG 30 COMPRIMIDOS REVESTIDOS;8902220108417
3;CLORIDRATO DONEPEZILA 10MG 30 COMPRIMIDOS TORRENT GENÉRICOS C1;8902220108417
3;DONEPEZILA 10MG 30 COMPRIMIDOS REVESTIDOS GENÉRICO TORRENT (C1);8902220108417
1;EPEZ;8902220108417
3;EPEZ;8902220108417
1;EPEZ 10MG CX 30 COMP;8902220108417
3;EPEZ EPÉZ 10MG 30 COMPRIMIDOS TORRENT;8902220108417
3;EPEZ 10 MG CAIXA COM 30 COMPRIMIDOS ADULTO (C1);8902220108417
3;EPEZ 10MG 30 COMPRIMIDOS;8902220108417
3;EPEZ 10MG CAIXA 30 COMPRIMIDOS;8902220108417
3;EPEZ 10MG CAIXA COM 30 COMPRIMIDOS;8902220108417
3;EPÉZ 10MG 30 COMPRIMIDOS TORRENT;8902220108417
3;EPÉZ 10MG TORRENT 30 COMPRIMIDOS;8902220108417
1;DONEPEZILA CLORIDRATO 5MG C/30 COMP/TORRENT/C1;8902220108370
3;CLORIDRATO DE DONEPEZILA 5 MG 30 CPR (C1) TORRENT GENERICO;8902220108370
3;CLORIDRATO DE DONEPEZILA 5MG 30 COMPRIMIDOS;8902220108370
3;CLORIDRATO DE DONEPEZILA 5MG TORRENT 30 COMPRIMIDOS REVESTIDOS;8902220108370
3;CLORIDRATO DE DONEPEZILA TORRENT 5MG, CAIXA COM 30 COMPRIMIDOS;8902220108370
3;DONEPEZILA 5MG 30 COMPRIMIDOS (C1);8902220108370
3;DONEPEZILA 5MG 30 COMPRIMIDOS REVESTIDOS GENÉRICO TORRENT (C1);8902220108370
3;EPÉZ 5MG 30 COMPRIMIDOS TORRENT;8902220108370
1;EPEZ 5MG C/30     C1;8902220108370
3;EPEZ 5MG 30 CÁPSULA C1;8902220108370
1;CARVEDILOL 125 MG CPR C/30 (TORRENT);8902220108165
1;LAMOTRIGINA 100 MG (C1) LAMITOR TORRENT;8902220107939
1;LAMOTRIGINA 50MG;8902220107922
3;LAMOTRIGINA 50MG COMPRIMIDOS: PARA QUE SERVE E COMO TOMAR;8902220107922
1;LAMOTRIGINA 50MG -;8902220107922
1;LAMOTRIGINA 50MG 30CPR;8902220107922
3;LAMOTRIGINA EUROFARMA 50MG 30 COMPRIMIDOS;8902220107922
3;LAMOTRIGINA 50 MG CAIXA COM 30 COMPRIMIDOS (C1) GENERICO ALTHAIA;8902220107922
3;LAMOTRIGINA 50MG 30 COMPRIMIDOS (C1);8902220107922
3;LAMOTRIGINA 50MG 30 COMPRIMIDOS EUROFARMA GENÉRICO;8902220107922
3;LAMOTRIGINA 50MG C/30 COMPRIMIDOS;8902220107922
3;LAMOTRIGINA 50MG EUROFARMA 30 COMPRIMIDOS;8902220107922
1;LAMOTRIGINA 50MG C\30   C1;8902220107922
1;LAMOTRIGINA 25MG C/30;8902220107915
3;LAMOTRIGINA 25MG C/30 (C1) UNICHEM;8902220107915
3;LAMOTRIGINA 25MG COMPRIMIDOS: PARA QUE SERVE E COMO TOMAR;8902220107915
1;LAMOTRIGINA 25MG C/30 CPR;8902220107915
1;LAMOTRIGINA 25MG C/30CPR GEN UNICHEN (C1);8902220107915
3;LAMOTRIGINA UNICHEM 25MG, CAIXA COM 30 COMPRIMIDOS;8902220107915
3;LAMOTRIGINA 25MG 30 COMPRIMIDOS (C1);8902220107915
3;LAMOTRIGINA 25MG 30 COMPRIMIDOS EUROFARMA GENERICO C1;8902220107915
3;LAMOTRIGINA 25MG 30 COMPRIMIDOS EUROFARMA GENÉRICO;8902220107915
3;LAMOTRIGINA 25MG C/30 COMPRIMIDOS;8902220107915
3;LAMOTRIGINA 25MG COM 30 COMPRIMIDOS GENERICO UNICHEM;8902220107915
1;CARVEDILOL 6,25MG-CAIXA COM 30 COMPRIMIDOS SULCADOS (2 BLISTERES COM 15 COMPRIMIDOS CADA)-KARVIL-TORRENT;8902220107861
3;CARVEDILOL 6,25MG 30 COMPRIMIDOS TORRENT GENÉRICO;8902220107861
3;CARVEDILOL 6,25MG COM 30 COMPRIMIDOS;8902220107861
3;CARVEDILOL TORRENT 6,25MG, CAIXA COM 30 COMPRIMIDOS;8902220107861
3;KARVIL 6,25MG TORRENT 30 COMPRIMIDOS;8902220107861
1;CARVEDILOL 3,125 MG;8902220107854
1;CARVEDILOL 3,125 MG (KARVIL) CX C/ 30CPR;8902220107854
1;CARVEDILOL 3,125MG-CAIXA COM 30 COMPRIMIDOS SULCADOS (2 BLISTERES COM 15 COMPRIMIDOS CADA)-KARVIL-TORRENT;8902220107854
3;CARVEDILOL 3,125MG, CAIXA COM 30 COMPRIMIDOS;8902220107854
1;CARVEDILOL 3,125MG CX 30CPR   KARVIL;8902220107854
1;CARVEDILOL 12,5 MG (KARVIL) C/30 CP;8902220107847
3;CARVEDILOL 12,5MG 30 COMPRIMIDOS ACHÉ BIOSINTÉTICA GENÉRICO;8902220107847
1;CARVEDILOL 12,5MG-CAIXA COM 30 COMPRIMIDOS SULCADO (2 BLISTER COM 15 COMPRIMIDOS CADA)-KARVIL-TORRENT;8902220107847
3;CARVEDILOL 12,5MG 30 COMPRIMIDOS TORRENT GENÉRICO;8902220107847
3;CARVEDILOL TORRENT 12,5MG, CAIXA COM 30 COMPRIMIDOS;8902220107847
3;KARVIL 12,5MG, CAIXA COM 30 COMPRIMIDOS;8902220107847
3;KARVIL 12,5MG TORRENT 30 COMPRIMIDOS;8902220107847
1;CARVEDILOL 12,5MG (KARVIL) CX C/ 30CPR;8902220107847
3;CARVEDILOL 12,5MG 30 COMPRIMIDOS MEDLEY GENÉRICO;8902220107847
3;CARVEDILOL 12,5MG 30CPR CIMED;8902220107847
3;CARVEDILOL 12,5MG CAIXA COM 30 COMPRIMIDOS EMS GENERICO;8902220107847
1;CARVEDILOL 25MG-CAIXA COM 30 COMPRIMIDOS SULCADOS (2 BLISTERS COM 15 COMPRIMIDOS)-KARVIL-TORRENT;8902220107274
3;CARVEDILOL 25 MG COM 30 COMPRIMIDOS GENERICO TORRENT;8902220107274
3;CARVEDILOL 25MG 30 COMPRIMIDOS TORRENT GENÉRICO;8902220107274
3;CARVEDILOL 25MG COM 30 COMPRIMIDOS;8902220107274
3;CARVEDILOL 25MG TORRENT 30 COMPRIMIDOS;8902220107274
3;KARVIL 25MG TORRENT 30 COMPRIMIDOS;8902220107274
1;METFORMINA 500MG 30CPR (G)TOR;8902220107205
1;MENELAT 30 MG 28CPR   MIRTAZAPINA;8902220106970
3;MIRTAZAPINA 30MG 28 COMPRIMIDOS NOVARTIS GENÉRICO;8902220106970
1;MENELAT 30 MG 28CPR MIRTAZAPINA;8902220106970
1;MENELAT 30 MG 30CPR MIRTAZAPINA;8902220106970
3;MENELAT 30MG 30 COMPRIMIDOS;8902220106970
3;MENELAT 30MG 30 COMPRIMIDOS REVESTIDOS C1;8902220106970
3;MENELAT 30MG CAIXA COM 30 COMPRIMIDOS (C1);8902220106970
3;MENELAT 30MG TORRENT 30 COMPRIMIDOS REVESTIDOS;8902220106970
3;MENELAT MIRTAZAPINA 30MG 30 COMPRIMIDOS;8902220106970
3;MENELAT ODT MIRTAZAPINA DE 30MG COM 30 COMPRIMIDOS;8902220106970
3;MIRTAZAPINA 30MG NOVA QUIMICA 30 COMPRIMIDOS;8902220106970
1;MENELAT 30 MG CPR C/30 (C1);8902220106970
1;MENELAT 30MG 30CPD;8902220106970
3;MENELAT 30MG, CAIXA COM 30 COMPRIMIDOS REVESTIDOS;8902220106970
3;MENELAT 30MG TORRENT 30 COMPRIMIDOS;8902220106970
1;MENELAT 30MG CX 30 COMP;8902220106970
3;MENELAT 30MG 30 COMPRIMIDOS REVESTIDOS;8902220106970
3;MENELAT ODT 30MG CAIXA 30 COMPRIMIDOS ORODISPERSÍVEIS;8902220106970
3;MENELAT ODT 30MG COM 30 COMPRIMIDOS;8902220106970
3;MENELAT ODT MIRTAZAPINA 30MG 30 COMPRIMIDOS;8902220106970
1;*LAMITOR CD 100MG 30CPR;8902220106758
1;LAMITOR CD 100MG 30 COMP C1-SIMILAR;8902220106758
3;LAMITOR CD 100MG 30 COMPRIMIDOS;8902220106758
3;LAMITOR CD 100MG 30 COMPRIMIDOS TORRENT (C1);8902220106758
3;LAMITOR CD 100MG 30CPR;8902220106758
3;LAMITOR CD 100MG COM 30 COMPRIMIDOS;8902220106758
3;LAMITOR CD 100MG TORRENT 30 COMPRIMIDOS;8902220106758
3;LAMITOR CD LAMOTRIGINA 100MG 30 COMPRIMIDOS;8902220106758
1;LAMITOR CD 100MG CX 30 COMP;8902220106758
3;LAMITOR CD 100MG 30 COMPRIMIDOS DISPERSIVEIS C1;8902220106758
3;LAMITOR CD 100MG 30 COMPRIMIDOS PARA SUSPENSÃO DE USO ORAL;8902220106758
3;LAMITOR CD 100MG 30CPR (C1) 30 COMPRIMIDOS;8902220106758
3;LAMITOR CD 100MG CAIXA COM 30 COMPRIMIDOS DISPERSIVEL (C1);8902220106758
3;LAMITOR CD 100MG, CAIXA COM 30 COMPRIMIDOS PARA SUSPENSÃO DE;8902220106758
3;LAMITOR CD100MG COM 30 COMPRIMIDOS;8902220106758
1;LAMITOR CD 25MG CX 30 COMP;8902220106734
3;LAMITOR CD 25 MG 30 COMPRIMIDOS SUS;8902220106734
3;LAMITOR CD 25MG 30 COMPRIMIDOS;8902220106734
3;LAMITOR CD 25MG 30 COMPRIMIDOS DISPERSIVEIS C1;8902220106734
3;LAMITOR CD 25MG COM 30 COMPRIMIDOS;8902220106734
3;LAMITOR CD 25MG TORRENT 30 COMPRIMIDOS;8902220106734
3;LAMITOR CD 25MG, CAIXA COM 30 COMPRIMIDOS PARA SUSPENSÃO DE;8902220106734
3;LAMITOR CD LAMOTRIGINA 25MG 30 COMPRIMIDOS;8902220106734
1;OLEPTAL 600MG C/30 COMP C1/TORRENT/C1;8902220106192
3;OLEPTAL 600MG, CAIXA COM 30 COMPRIMIDOS REVESTIDOS;8902220106192
3;OLEPTAL 600 MG 30 COMPRIMIDOS REVESTIDOS C1;8902220106192
3;OLEPTAL 600MG 30 COMPRIMIDOS TORRENT (C1);8902220106192
3;OLEPTAL 600MG 30 CPRS */C1;8902220106192
3;OLEPTAL 600MG COM 30 COMPRIMIDOS;8902220106192
3;OLEPTAL 600MG TORRENT 30 COMPRIMIDOS REVESTIDOS;8902220106192
1;OLEPTAL 300MG C30;8902220106185
1;OLEPTAL 300MG CPR;8902220106185
1;OLEPTAL 300MG CX 30 COMP;8902220106185
3;OLEPTAL 300MG, CAIXA COM 30 COMPRIMIDOS REVESTIDOS;8902220106185
3;OLEPTAL 300MG 30 COMPRIMIDOS;8902220106185
3;OLEPTAL 300MG 30 COMPRIMIDOS REVESTIDOS;8902220106185
3;OLEPTAL 300MG 30 COMPRIMIDOS REVESTIDOS C1;8902220106185
3;OLEPTAL 300MG 30 COMPRIMIDOS TORRENT (C1);8902220106185
3;OLEPTAL 300MG C/ 30 COMPRIMIDOS;8902220106185
3;OLEPTAL 300MG TORRENT 30 COMPRIMIDOS REVESTIDOS;8902220106185
3;OLEPTAL OXCARBAZEPINA 300MG 30 COMPRIMIDOS;8902220106185
1;AZUKOM MR 30MG C\30;8902220106079
1;AZUKON MR 30 MG C/ 30 CP;8902220106079
3;AZUKON MR 30MG COM 30 COMPRIMIDOS;8902220106079
3;AZUKON MR 30MG TORRENT 30 COMPRIMIDOS;8902220106079
3;AZUKON MR 30MG, CAIXA COM 30 COMPRIMIDOS DE;8902220106079
3;AZUKON MR GLICLAZIDA 30MG 30 COMPRIMIDOS;8902220106079
3;AZUKON MR 30MG, CAIXA COM 30 COMPRIMIDOS DE LIBERAÇÃO;8902220106079
1;AZUKON MR 30 MG CPR C/30;8902220106079
1;AZUKON MR 30MG C/30 COMP-SIMILAR;8902220106079
3;AZUKON MR 30MG 30 COMPRIMIDOS;8902220106079
1;AZUKON MR 30MG C/30 CPR;8902220106079
3;AZUKON MR 30MG 30 COMPRIMIDOS DE LIBERAÇÃO PROLONGADA;8902220106079
1;AZUKON MR 30MG C/30CP(6100);8902220106079
1;AZUKON MR 30MG CX 30 COMP;8902220106079
1;GLICAZIDA 30 MG (AZUKON MR) C/30 CP;8902220106079
1;GLICAZIDA 30 MG (AZUKON MR) C/30 CP TORRENT;8902220106079
3;AZUKON MR 30MG 30 COMPRIMIDOS TORRENT;8902220106079
3;AZUKON MR GLICLAZIDA 30MG 30 COMPRIMIDOS TORRENT;8902220106079
1;GLICAZIDA 30MG COMP/TORRENT;8902220106079
1;GLICAZIDA 30MG/AZUKON CX 30 COMP;8902220106079
1;GLICLAZIDA 30 MG MR LIBERACAO PROLONGADA AZUKON MR TORRENT;8902220106079
1;GLICLAZIDA 30MG -;8902220106079
1;GLICLAZIDA 30MG COMPRIMIDO DE LIBERACAO PROLONGADA;8902220106079
3;GLICLAZIDA MG COMPRIMIDO LIBERACAO PROLONGADA 30MG;8902220106079
1;GLICLAZIDA 30MG MR AZUKON MR TORRENT;8902220106079
1;GLICLAZIDA 30MG MR GENERICO RANBAXY;8902220106079
1;GLICLAZIDA MR 30 MG -;8902220106079
1;GLICLAZIDA MR 30MG -;8902220106079
1;GLICOSE 50% AMPOLA 10ML/SAMTEC;8902220106079
1;TERMOMETRO OVAL PREMIUM/CBEMED;8902220106079
3;TERMOMETRO CLINICO OVAL;8902220106079
3;TERMÔMETRO CLÍNICO OVAL;8902220106079
3;TERMÔMETRO CLÍNICO OVAL DE VIDRO PREMIUM;8902220106079
3;TERMÔMETRO CLÍNICO OVAL PREMIUM;8902220106079
3;TERMÔMETRO CLÍNICO OVAL PREMIUM EM PROMOÇÃO NA AMERICANAS;8902220106079
1;TORVAL CR 300 MG C/ 30 CP;8902220106024
3;TORVAL 300MG + 87MG TORRENT 30 COMPRIMIDOS;8902220106024
3;TORVAL CR 300MG + 87MG, CAIXA COM 30 COMPRIMIDOS DE LIBERAÇÃO;8902220106024
3;TORVAL CR 300MG 30 COMPRIMIDOS;8902220106024
3;TORVAL CR 300MG 30 COMPRIMIDOS REVESTIDOS LIBERACAO;8902220106024
3;TORVAL CR VALPROATO DE SÓDIO 300MG 30 COMPRIMIDOS;8902220106024
1;TORVAL CR 300 MG CPR C/30             C1;8902220106024
1;TORVAL CR 300 MG CPR C/30 C1;8902220106024
1;TORVAL CR 300MG C 30 COMP     C1;8902220106024
3;TORVAL CR 300MG 30 COMPRIMIDOS TORRENT (C1);8902220106024
3;TORVAL CR 300MG 30CPR;8902220106024
3;TORVAL CR 300MG CAIXA 30 COMPRIMIDOS REVESTIDOS LIBERAÇÃO;8902220106024
3;TORVAL CR 300MG CAIXA COM 30 COMPRIMIDOS REVESTIDOS (C1);8902220106024
3;TORVAL CR 300MG COM 30 COMPRIMIDOS C1 P14510;8902220106024
1;TORVAL CR 300MG C/30 COMP C1;8902220106024
1;TORVAL CR 300MG C/30CP## (6548);8902220106024
3;TORVAL CR 300MG CAIXA COM 30 COMPRIMIDOS;8902220106024
1;TORVAL CR 300MG C/30CP##(6548);8902220106024
1;TORVAL CR 300MG COMP C1/TORRENT/C1;8902220106024
3;TORVAL CR 300MG;8902220106024
1;TORVAL CR 300MG COMPR C30;8902220106024
1;TORVAL CR 300MG CX 30 COMP;8902220106024
1;VALPROATO DE SODIO + ACIDO VALPROICO 300MG (C1) TORVAL CR TORRENT;8902220106024
1;ACIDO VALPROICO 500MG/TORVAL CR CX/30 UNID (C1);8902220105935
1;TORVAL 500MG C/30 CPR;8902220105935
3;TORVAL CR 500MG 30 COMPRIMIDOS;8902220105935
3;TORVAL CR 500MG 30 COMPRIMIDOS REVESTIDOS LIBERACAO;8902220105935
3;TORVAL CR 500MG 30 CP;8902220105935
3;TORVAL CR 500MG CAIXA 30 COMPRIMIDOS REVESTIDOS LIBERAÇÃO;8902220105935
3;TORVAL CR 500MG COM 30 COMPRIMIDOS;8902220105935
3;TORVAL CR 500MG COM 30 COMPRIMIDOS REVESTIDOS DE LIBERAÇÃO;8902220105935
3;TORVAL CR VALPROATO DE SÓDIO 500MG 30 COMPRIMIDOS;8902220105935
1;TORVAL CR 500MG;8902220105935
3;TORVAL CR 500MG TORRENT;8902220105935
1;TORVAL CR 500MG 30CPR TORRENT;8902220105935
3;TORVAL CR 500MG 30CPR;8902220105935
1;TORVAL CR 500MG C 30 COMP     C1;8902220105935
3;TORVAL CR 500MG CAIXA COM 30 COMPRIMIDOS;8902220105935
3;TORVAL CR 500MG CAIXA COM 30 COMPRIMIDOS REVESTIDOS (C1);8902220105935
3;TORVAL CR 500MG COM 30 COMPRIMIDOS C1 P14511;8902220105935
1;TORVAL CR 500MG C/30;8902220105935
1;TORVAL CR 500MG C/30 COMP C1/TORRENT/C1;8902220105935
3;TORVAL CR 500MG 30 CPRS */C1;8902220105935
3;TORVAL CR 500MG C/30COMP C1(TRT);8902220105935
1;TORVAL CR 500MG C/30CP##(6549);8902220105935
3;TORVAL CR 500MG 30CP (C1) TORRENT;8902220105935
1;TORVAL CR 500MG COMPR C30;8902220105935
1;TORVAL CR 500MG CX 30 COMP;8902220105935
3;TORVAL CR 500MG TORRENT 30 COMPRIMIDOS;8902220105935
1;VALPROATO DE SODIO + ACIDO VALPROICO 500MG (C1) TORVAL CR TORRENT;8902220105935
1;VALPROATO DE SODIO 500MG CR (C1)-CAIXA COM 30 COMPRIMIDOS REVESTIDOS DE LIBERACAO PROLONGADA-TORVAL CR-TORRENT;8902220105935
3;TORVAL CR 500MG COM 30 COMPRIMIDOS TORRENT 30;8902220105935
1;VENLIFT OD 75MG CX 14 CAPS;8902220105904
3;VENLIFT OD 75MG 30 CÁPSULAS TORRENT;8902220105904
3;VENLIFT OD 75MG CAIXA COM 30 CÁPSULAS;8902220105904
3;VENLIFT OD 75MG COM 30 CÁPSULAS;8902220105904
1;INDAPEN SR 1.5MG C/30;8902220105676
1;INDAPEN SR C/30 CPR;8902220105676
1;*LAMITOR 100MG 30CPR;8902220105454
3;LAMITOR CD 100MG 30 COMPRIMIDOS;8902220105454
3;LAMITOR CD 100MG 30 COMPRIMIDOS DISPERSIVEIS C1;8902220105454
3;LAMITOR CD 100MG 30 COMPRIMIDOS PARA SUSPENSÃO DE USO ORAL;8902220105454
3;LAMITOR CD 100MG 30CPR (C1) 30 COMPRIMIDOS;8902220105454
3;LAMITOR CD 100MG 30CPR;8902220105454
3;LAMITOR CD 100MG TORRENT 30 COMPRIMIDOS;8902220105454
3;LAMITOR CD LAMOTRIGINA 100MG 30 COMPRIMIDOS;8902220105454
1;LAMITOR 100MG C/30 *;8902220105454
3;LAMOTRIGINA 100MG C/30 (C1) EUROFARMA;8902220105454
3;LAMOTRIGINA 100MG C/30 (C1) TEUTO;8902220105454
1;LAMITOR 100MG CX 30 COMP;8902220105454
3;LAMITOR CD 100MG CAIXA COM 30 COMPRIMIDOS DISPERSIVEL (C1);8902220105454
3;LAMITOR CD 100MG, CAIXA COM 30 COMPRIMIDOS PARA SUSPENSÃO DE;8902220105454
3;LAMITOR CD100MG COM 30 COMPRIMIDOS;8902220105454
1;LAMITOR 50MG CX 30 COMP;8902220105447
3;LAMITOR CD 50 MG CAIXA COM 30 COMPRIMIDOS DISPERSIVEL (C1);8902220105447
3;LAMITOR CD 50MG 30 COMPRIMIDOS DISPERSIVEIS C1;8902220105447
3;LAMITOR CD 50MG 30 COMPRIMIDOS TORRENT (C1);8902220105447
3;LAMITOR CD 50MG COM 30 COMPRIMIDOS C;8902220105447
3;LAMITOR CD 50MG TORRENT 30 COMPRIMIDOS;8902220105447
3;LAMITOR CD 50MG, CAIXA COM 30 COMPRIMIDOS PARA SUSPENSÃO DE;8902220105447
3;LAMITOR CD LAMOTRIGINA 50MG 30 COMPRIMIDOS;8902220105447
1;LAMITOR 25MG CP;8902220105423
1;LAMITOR 25MG CX 30 COMP;8902220105423
3;LAMITOR CD 25 MG 30 COMPRIMIDOS SUS;8902220105423
3;LAMITOR CD 25 MG CAIXA COM 30 COMPRIMIDOS DISPERSIVEL (C1);8902220105423
3;LAMITOR CD 25MG 30 COMPRIMIDOS;8902220105423
3;LAMITOR CD 25MG 30 COMPRIMIDOS DISPERSIVEIS C1;8902220105423
3;LAMITOR CD 25MG 30CPR;8902220105423
3;LAMITOR CD 25MG TORRENT 30 COMPRIMIDOS;8902220105423
3;LAMITOR CD 25MG, CAIXA COM 30 COMPRIMIDOS PARA SUSPENSÃO DE;8902220105423
3;LAMITOR CD LAMOTRIGINA 25MG 30 COMPRIMIDOS;8902220105423
1;LAMOTRIGINA 25MG;8902220105423
3;LAMOTRIGINA 25MG COMPRIMIDOS: PARA QUE SERVE E COMO TOMAR;8902220105423
1;LAMOTRIGINA 25MG CP;8902220105423
1;CARVEDILOL 12,5 MG/KARVIL CX30 COMP TORRENT;8902220105386
1;LOSARTANA 25MG;8902220105034
3;CORUS LOSARTANA POTÁSSICA 25MG;8902220105034
1;LOSARTANA 25MG COMP;8902220105034
1;CLORIDRATO DE CINACALCETE 30MG CP;8901148242111
1;BORTEZOMIBE;8901148239371
3;BORTEZOMIBE;8901148239371
1;BORTEZOMIBE INJ 3,5MG CX C/ 1 FA   DR. REDDYS;8901148239371
3;BORTEZOMIBE 3,5MG C/1FA DR. REDDYS;8901148239371
3;BORTEZOMIBE 3,5MG FR/AMP.;8901148239371
3;BORTEZOMIBE 3,5MG PO INJ IV CX C/ 1FR DR REDDYS;8901148239371
3;BORTEZOMIBE 3,5MG PÓ 1F/A GEN DR. REDDYS;8901148239371
1;BISSULFATO CLOPIDOGREL 75MG C28 -;8901148239104
3;BISSULF CLOPIDOGREL 75MG C28;8901148239104
1;BISSULFATO DE CLOPIDOGREL 75MG CX 28 COMP REV GEN;8901148239104
3;BISSULFATO CLOPIDOGREL 75MG 28 COMPRIMIDOS REVESTIDOS;8901148239104
3;BISSULFATO DE CLOPIDOGREL 75MG 28 COMPRIMIDOS;8901148239104
3;BISSULFATO DE CLOPIDOGREL 75MG 28 COMPRIMIDOS NOVARTIS GENÉRICO;8901148239104
3;BISSULFATO DE CLOPIDOGREL 75MG 28 COMPRIMIDOS REVESTIDOS MEDLEY;8901148239104
3;BISSULFATO DE CLOPIDOGREL 75MG 28 COMPRIMIDOS SANDOZ GENÉRICO;8901148239104
3;BISSULFATO DE CLOPIDOGREL SANDOZ 75MG, CAIXA COM 28 COMPRIMIDOS;8901148239104
1;CLOPIDOGREL;8901148239104
3;BISSULFATO DE CLOPIDOGREL;8901148239104
3;BISSULFATO DE CLOPIDOGREL  ACHÉ;8901148239104
1;CLOPIDOGREL 75MG COMPRIMIDO G  DR REDDYS;8901148239104
3;BISSULFATO DE CLOPIDOGREL DR. REDDY'S 75MG, CAIXA COM 28;8901148239104
1;CLOPIDOGREL 75MG GEN CX 28CPR REV;8901148239104
3;BISSULFATO CLOPIDOGREL 75 MG GEN C/28 CPR REV;8901148239104
3;BISSULFATO DE CLOPIDOGREL 75MG GENÉRICO MEDLEY 28 COMPRIMIDOS;8901148239104
1;CLOPIDOGREL 75MG,BISSULFATO (DR. REDDYS)  (ITEM GENERICO);8901148239104
1;TIGERTAPE 2MM,SUT.PB TRANCADA;888867041776
3;FIBERTAPE® E TIGERTAPE;888867041776
1;REAL TIME HCV KIT AMPLIFICACAO CE;884999007079
3;ABBOTT REALTIME HCV GENOTYPE II;884999007079
3;REALTIME HCV GENOTYPE II ASSAY;884999007079
3;REALTIME HCV VIRAL LOAD ASSAY;884999007079
1;ULTRAPAK FIO 00 LARANJA ULTRADENT REFIL;88320550399
3;CIRURGIA E PERIODONTIA FIO DE SUTURA AGULHADO FIO SUTURA NYLON PRETO 5;88320550399
3;FIO AFASTADOR ULTRAPAK ULTRADENT;88320550399
3;FIO RETRATOR ULTRAPAK;88320550399
3;FIO RETRATOR ULTRAPAK ULTRADENT;88320550399
3;KIT FIOS ULTRAPAK ULTRADENT;88320550399
3;FIO PARA AFASTAMENTO GENGIVAL ULTRADENT;88320550399
1;ULTRAPAK FIO 2 VERDE ULTRADENT REFIL;88320550337
3;FIO AFASTADOR ULTRAPAK ULTRADENT;88320550337
3;FIO RETRATOR TRICOTADO ULTRAPAK ULTRADENT;88320550337
3;FIO RETRATOR ULTRAPAK ULTRADENT (244CM);88320550337
3;FIO RETRATOR ULTRAPAK ULTRADENT;88320550337
3;FIO RETRATOR ULTRAPAK 2 ULTRADENT;88320550337
3;FIO ULTRAPAK 2 HTML;88320550337
3;MARCA: ULTRADENT;88320550337
3;FIO PARA AFASTAMENTO GENGIVAL ULTRADENT;88320550337
1;ULTRAPAK FIO 1 AZUL ULTRADENT REFIL;88320550320
3;FIO AFASTADOR ULTRAPAK ULTRADENT;88320550320
3;FIO RETRATOR TRICOTADO ULTRAPAK ULTRADENT;88320550320
3;FIO RETRATOR ULTRAPAK #00 EXTRA FINO ULTRADENT;88320550320
3;FIO RETRATOR ULTRAPAK ULTRADENT (244CM);88320550320
3;FIO RETRATOR ULTRAPAK ULTRADENT;88320550320
3;FIO RETRATOR ULTRAPAK 1 AZUL MEDIO ULTRADENT;88320550320
3;FIO PARA AFASTAMENTO GENGIVAL ULTRADENT;88320550320
1;ULTRAPAK FIO 0 ROXO ULTRADENT REFIL;88320550306
3;FIO AFASTADOR ULTRAPAK ULTRADENT;88320550306
3;FIO RETRATOR TRICOTADO ULTRAPAK ULTRADENT;88320550306
3;FIO RETRATOR ULTRAPAK #00 EXTRA FINO ULTRADENT;88320550306
3;FIO RETRATOR ULTRAPAK ULTRADENT (244CM);88320550306
3;FIO RETRATOR ULTRAPAK ULTRADENT;88320550306
3;FIO RETRATOR ULTRAPAK 0 ROXO FINO ULTRADENT;88320550306
3;FIO PARA AFASTAMENTO GENGIVAL ULTRADENT;88320550306
1;ATAD.10CM X3,6M-BRANCO-HYGIA CAST;8809237250415
3;ATAD.10CM X 3,6M HYGIA CAST;8809237250415
3;ATADURA GESSADA ORTOPÉDICA GESSO SINTÉTICA HYGIA CAST (10CMX3;8809237250415
3;ATADURA GESSADA SINTÉTICA HYGIA CAST 10CM X 3,6M BRANCA;8809237250415
3;ATADURA GESSADA SINTÉTICA HYGIA CAST 10CM X 3,6M;8809237250415
3;GESSO SINTETICO BRANCO 10CMX3,6MTS HYGIA CAST;8809237250415
3;GESSO SINTÉTICO 10CM X 3,6M BRANCO HYGIA CAST;8809237250415
3;GESSO SINTÉTICO ATADURA 10CM X 3,6M BRANCO HYGIA CAST;8809237250415
3;GESSO SINTÉTICO HYGIA CAST 10CM X 3,60M;8809237250415
1;ATAD.7,5CM X3,6M-CINZA-HYGIA CAST;8809237250378
3;ATADURA GESSADA ORTOPÉDICA GESSO SINTÉTICA HYGIA CAST (7CM5X3;8809237250378
3;ATADURA GESSADA SINTÉTICA HYGIA CAST 7,5CM X 3,6M CINZA;8809237250378
3;ATADURA GESSADA SINTÉTICA HYGIA CAST 7,5CM X 3,6M;8809237250378
3;ATADURA GESSO SINTETICO HYGIA CAST;8809237250378
3;HYGIA CAST;8809237250378
3;GESSO SINTÉTICO HYGIA CAST 7,5CM X 3,60M;8809237250378
1;ATAD.7,5CM X3,6M-ROSA-HYGIA CAST;8809237250330
3;ATADURA GESSADA ORTOPÉDICA GESSO SINTÉTICA HYGIA CAST (7,5CMX3;8809237250330
3;ATADURA GESSADA SINTÉTICA HYGIA CAST 7,5CM X 3,6M ROSA;8809237250330
3;ATADURA GESSADA SINTÉTICA HYGIA CAST 7,5CM X 3,6M;8809237250330
3;ATADURA GESSO SINTETICO HYGIA CAST;8809237250330
3;ATADURA GESSO SINTÉTICO 7,5CM X 3,60MT 3 POL. HYGIA CAST ROSA;8809237250330
3;HYGIA CAST;8809237250330
3;GESSO SINTÉTICO HYGIA CAST 7,5CM X 3,60M;8809237250330
1;ATAD.7,5CM X3,6M-VERDE-HYGIA CAST;8809237250323
3;HYGIA CAST;8809237250323
3;ATADURA GESSADA ORTOPÉDICA GESSO SINTÉTICA HYGIA CAST (7,5CMX3;8809237250323
3;ATADURA GESSADA SINTÉTICA HYGIA CAST 7,5CM X 3,6M BRANCA;8809237250323
3;ATADURA GESSADA SINTÉTICA HYGIA CAST 7,5CM X 3,6M;8809237250323
3;GESSO SINTETICO 7,5CM X 3,60MT 3 POL. HYGIA CAST;8809237250323
3;GESSO SINTÉTICO HYGIA CAST 7,5CM X 3,60M;8809237250323
1;ATAD.7,5CM X3,6M-BRANCO-HYGIA CAST;8809237250316
1;ATAD.5CM X3,6M-BRANCO-HYGIA CAST;8809237250217
3;ATADURA GESSADA ORTOPÉDICA GESSO SINTÉTICA HYGIA CAST (5CMX3;8809237250217
3;ATADURA GESSADA SINTÉTICA HYGIA CAST 5CM X 3,6M;8809237250217
3;GESSO SINTÉTICO 5CM HYGIA CAST;8809237250217
3;GESSO SINTÉTICO ATADURA 5CM X 3,6M BRANCO HYGIA CAST;8809237250217
3;GESSO SINTÉTICO BRANCO 5CM X 3,6M HYGIA CAST CONTROLLER;8809237250217
3;HYGIA CAST;8809237250217
1;FITA DE KINESIO 5MX5CM VERDE TMAX (1);8809095423181
3;BANDAGEM ELÁSTICA ADESIVA TMAX 5MX5CM COR VERDE;8809095423181
3;FAIXA DE KINÉSIO TMAX VERDE;8809095423181
3;FITA DE KINESIO 5MX5CM VERDE TMAX;8809095423181
3;FITA DE KINESIO BANDAGEM ADESIVA TMAX 5MX5CM;8809095423181
3;FITA DE KINÉSIO 5MX5CM TMAX;8809095423181
3;FITA KINESIO BANDAGEM ADESIVA TMAX EM PROMOÇÃO NO MAGAZINE LUIZA;8809095423181
3;FITA KINESIO TAPE TMAX;8809095423181
3;FITA KINÉSIO TMAX 5MX5CM CROSSFIT COR VERDE BIOLAND;8809095423181
1;BANDAGEM ELASTICA ADESIVA 5M X 5CM - TMAX - BEGE;8809095423143
3;BANDAGEM ADESIVA KINESIO TMAX 5CM X 5M BEGE;8809095423143
3;BANDAGEM ELÁSTICA BEGE ADESIVA FUNCIONAL 5M X 5CM TMAX;8809095423143
3;BANDAGEM ELÁSTICA FUNCIONAL ADESIVA 5M X 5CM TMAX;8809095423143
3;BANDAGEM ELÁSTICA KINESIO 5CM X 5M BEGE TMAX;8809095423143
3;BANDAGEM ELÁSTICA KINESIO TMAX BEGE 5CMX5M;8809095423143
3;BANDAGEM FUNCIONAL ELÁSTICA FITA ADESIVA DE KINESIO 5CM X 5M;8809095423143
3;BANDAGEM TMAX COR BEGE TAMANHO 5M X 5CM;8809095423143
3;FITA KINÉSIO TMAX 5M X 5CM BEGE BIOLAND;8809095423143
3;KIT 03 ROLOS DE BANDAGEM ELÁSTICA ADESIVA TMAX 5CM X 5M;8809095423143
3;TMAX TAPE FITA DE KINÉSIO 5M X 5CM BEGE;8809095423143
1;FITA DE KINESIO TMAX 5MX5CM;8809095423143
3;BANDAGEM ELÁSTICA ADESIVA BEGE 5MX5CM TMAX EM OFERTA;8809095423143
3;BANDAGEM ELÁSTICA ADESIVA FITA DE KNÉSIO TMAX 5MX5CM BEGE;8809095423143
3;BANDAGEM ELÁSTICA ADESIVA TMAX 5MX5CM AZUL;8809095423143
3;FITA DE KINÉSIO BANDAGEM ADESIVA TMAX BEGE (5MX5CM);8809095423143
3;FITA KINESIO BANDAGEM ADESIVA TMAX EM PROMOÇÃO NO MAGAZINE LUIZA;8809095423143
3;FITA KINESIO TAPE TMAX;8809095423143
3;FITA KINESIO TMAX AZUL 5MX5CM;8809095423143
3;FITA KINESIO TMAX BEGE 5MX5CM P551501;8809095423143
3;FITA TMAX EM PROMOÇÃO NA SHOPEE BRASIL 2024;8809095423143
1;BANDAGEM ELASTICA ADESIVA TMAX 5MX5CM COR ROSA;8809095423136
3;BANDAGEM ELASTICA ADESIVA TMAX 5MX5CM COR ROSA;8809095423136
3;BANDAGEM ELASTICA ADESIVA TMAX 5MX5CM COR ROSA EM PROMOÇÃO;8809095423136
3;BANDAGEM ELASTICA ADESIVA TMAX 5MX5CM COR;8809095423136
3;BANDAGEM ELASTICA ADESIVA TMAX 5MX5CM CROSSTAPE COR ROSA;8809095423136
3;BANDAGEM ELÁSTICA ADESIVA TMAX 5MX5CM COR ROSA;8809095423136
3;BANDAGEM ELÁSTICA ADESIVA TMAX 5MX5CM ROSA;8809095423136
1;BANDAGEM ELASTICA ADESIVA TMAX 5MX5CM COR AZUL;8809095423129
3;BANDAGEM AZUL TMAX EM PROMOÇÃO NO MAGAZINE LUIZA;8809095423129
3;BANDAGEM ELASTICA ADESIVA TMAX 5MX5CM COR AZUL;8809095423129
3;BANDAGEM ELASTICA ADESIVA TMAX 5MX5CM COR;8809095423129
3;BANDAGEM ELASTICA FUNCIONAL TMAX 5MX5CM AZUL;8809095423129
3;BANDAGEM ELÁSTICA ADESIVA TMAX 5MX5CM AZUL;8809095423129
3;BANDAGEM ELÁSTICA ADESIVA TMAX 5MX5CM COR AZUL;8809095423129
3;BANDAGEM TMAX: PROMOÇÕES;8809095423129
3;FITA KINESIO TMAX AZUL 5MX5CM;8809095423129
3;TMAX BANDAGEM ELASTICA;8809095423129
1;FITA DE KINESIO 5MX5CM AZUL TMAX (1);8809095423129
3;FITA DE KINESIO 5MX5CM AZUL TMAX;8809095423129
3;FITA DE KINÉSIO 5MX5CM TMAX;8809095423129
3;FITA KINESIO BANDAGEM ADESIVA MEDTAPE 5MX5CM AZUL;8809095423129
3;FITA KINESIO TAPE TMAX;8809095423129
3;FITA KINÉSIO AZUL MARINHO BANDAGEM ELÁSTICA 5MX5CM TMAX BIOLAND;8809095423129
1;VAC C/HEPATITE B EUVAX 0,5 ML INF SANOFI;8806689009158
3;HEPATITE B EUVAX 0,5 ML INF SANOFI;8806689009158
1;CONE DE PAPEL ABSORVENTE N.35 CX C/ 120 UNID;8806387820154
3;COMPRE CONE DE PAPEL ABSORVENTE EM OFERTA;8806387820154
3;CONE DE PAPEL;8806387820154
3;CONE DE PAPEL 35 ESTERIL CELL PACK C/ 120 TANARI;8806387820154
3;CONE PAPEL CX.INJECTA;8806387820154
3;CONES DE PAPEL ABSORVENTE TANARI;8806387820154
3;PONTA DE PAPEL;8806387820154
3;PONTA DE PAPEL ABSORVENTE;8806387820154
3;PONTA DE PAPEL ABSORVENTE CELL PACK 35 120UN;8806387820154
3;PONTAS DE PAPEL ABSORVENTE N 35 C/120;8806387820154
3;PONTAS DE PAPEL ABSORVENTE Nº 35;8806387820154
1;CONE ENDODONTICO TIPO ABSORVENTE PAPEL 2 SERIE;8806387820154
3;CONE DE PAPEL ABSORVENTE 28MM 45;8806387820154
3;CONE DE PAPEL ABSORVENTE ESTER CELL PACK MAILLEFER COM 180;8806387820154
3;CONE DE PAPEL ABSORVENTE: DENTSPLY, TANARI E INJECTA;8806387820154
3;CONE DE PAPEL CELL PACK ESTERILIZADO 2° SÉRIE 45;8806387820154
3;CONES DE PAPEL;8806387820154
3;PONTAS DE PAPEL ABSORVENTE 2ª SÉRIE;8806387820154
3;POR CATEGORIA ENDODONTIA CONE DE PAPEL PONTA DE PAPEL ABSORVENTE;8806387820154
1;CONE DE PAPEL ABSORVENTE N.15 CX C/ 120 UNID.;8806387820147
3;COMPRE CONE DE PAPEL ABSORVENTE EM OFERTA;8806387820147
3;CONE DE PAPEL;8806387820147
3;CONE DE PAPEL ABSORV BULK 15 COM 120;8806387820147
3;CONE DE PAPEL ABSORVENTE BULK 15;8806387820147
3;CONE DE PAPEL ABSORVENTE ISO COM 120 UNIDADES;8806387820147
3;CONE DE PAPEL N 15 COMUM C/120 DENTSPLY;8806387820147
3;CONE PAPEL 15 CAIXA META INJECTA;8806387820147
3;CONES DE PAPEL ABSORVENTE TANARI;8806387820147
3;PONTA DE PAPEL ABSORVENTE 15;8806387820147
3;PONTA DE PAPEL ABSORVENTE PRO G 120 UNIDADES;8806387820147
1;CONE DE PAPEL ABSORVENTE N.40 CX C/ 120 UNID;8806387820147
3;CONE DE PAPEL ABSORVENTE BULK 40 TANARI C/120;8806387820147
3;CONE DE PAPEL N 40 COMUM C/120 TANARI;8806387820147
3;CONE PAPEL CX.INJECTA;8806387820147
3;PONTA DE PAPEL ABSORVENTE 40 BULK 120UN;8806387820147
3;PONTA DE PAPEL ABSORVENTE BULKS 28MM Nº 40;8806387820147
3;PONTA DE PAPEL ABSORVENTE C/120 TANARI;8806387820147
1;CONE PAPEL 15-40 INJECTA;8806387820147
3;CONE DE GUTA PRINCIPAL 15;8806387820147
3;CONE DE GUTA PRINCIPAL C/6 INJECTA;8806387820147
3;CONE DE PAPEL 1° SÉRIE 15;8806387820147
3;CONE DE PAPEL CX 6/120 15 INJECTA;8806387820147
3;CONES E PONTAS ENDO INJECTA PAPEL SIMPLES;8806387820147
3;CONES DE PAPEL;8806387820147
1;CONE GUTA R3 INJECTA;8806387801597
3;CONE DE GUTA ACESSORIO META INJECTA R3;8806387801597
3;CONE DE GUTA ACESSORIO MKLIFE;8806387801597
3;CONE DE GUTA PERCHA ACESSÓRIA;8806387801597
3;CONE DE GUTA PERCHA COM 120 UNIDADES META INJECTA;8806387801597
3;CONE DE GUTA PERCHA COM 120 UNIDADES Nº45X80 META INJECTA;8806387801597
3;CONE DE GUTA PERCHA CX 4/28MM MF/F/FM/M RS;8806387801597
3;CONE DE GUTA PRINCIPAL N 30;8806387801597
3;CONE DE GUTTA PERCHA ACESSÓRIA120 UN INJECTA;8806387801597
3;GUTA PERCHA ACESSÓRIA 28MM INJECTA;8806387801597
1;CONE GUTA ACESSORIO MF,COMPRIMENTO 28 CX C/120 UN;8806387801580
3;CONE DE GUTA PERCHA ACESSORIA M 28MM CX C/120;8806387801580
3;CONE DE GUTA PERCHA ACESSORIA MF 28MM CX C/120;8806387801580
3;CONE DE GUTA PERCHA ACESSORIO COM 120 UNIDADES R1 28MM META;8806387801580
3;CONE DE GUTA PERCHA ACESSÓRIA C/120 UND;8806387801580
3;CONE DE GUTA PERCHA CX 4/28MM MF/F/FM/M RS;8806387801580
3;CONE DE GUTTA PERCHA MICROTIPPED FM, F, MF, M C/120 UNID;8806387801580
3;GUTA PERCHA ACESSORIA 28MM DENTSPLY;8806387801580
3;GUTA PERCHA ACESSORIA MF 28MM ROSA C/120UN;8806387801580
3;GUTA PERCHA ACESSÓRIA TANARI 120 UNIDADES;8806387801580
1;CONE GUTA PERCHA ACESSORIO MF META;8806387801580
3;CONE DE GUTA PERCHA ACESSORIO COM 120 UNIDADES R8 28MM META;8806387801580
3;CONE DE GUTA PERCHA ACESSÓRIA META;8806387801580
3;CONE DE GUTA PERCHA COM 120 UNIDADES META;8806387801580
3;CONE DE GUTA PERCHA COM 120 UNIDADES Nº45X80 META;8806387801580
3;CONE DE GUTA PERCHA CX 4/28MM MF/F/FM/M RS META BIOMED;8806387801580
3;CONE DE GUTAPERCHA ACESSÓRIA SORTIDO MF;8806387801580
3;CONE DE GUTTA PERCHA MICROTIPPED FM, F, MF, M;8806387801580
3;GUTA ACESSÓRIA GAP C/100;8806387801580
3;GUTA PERCHA ACESSÓRIA 28 MM META BIOMED;8806387801580
3;GUTA PERCHA ACESSÓRIA 28MM 120 UNIDADES META;8806387801580
1;CONE GUTA PERCHA PRINCIPAL 90/140 3OSERIE METTA;8806387800224
3;CONE DE GUTA PERCHA CALIBRADA;8806387800224
3;CONE DE GUTA PERCHA CALIBRADA TUBO COM 120;8806387800224
3;CONE DE GUTTA PERCHA PRINCIPAL/STANDARD;8806387800224
3;CONE GUTA PERCHA CALIBRADA;8806387800224
3;CONES DE GUTA PERCHA PARA ENDODONTIA;8806387800224
3;GUTA ENDOTANARI PRINCIPAL Nº 90;8806387800224
3;GUTA PERCHA CALIBRADA Nº 90;8806387800224
3;GUTA PERCHA PARA PROCEDIMENTOS DE ENDODONTIA;8806387800224
1;CONE DE GUTA 2 SERIE(45-80)P/TRATAMENTO ENDO CX120;8806387800071
3;CONE DE GUTA 2° SÉRIE 45;8806387800071
3;CONE DE GUTA CALIBRADA 2° SÉRIE 45;8806387800071
3;CONE DE GUTA PERCHA CALIBRADA N 45;8806387800071
3;CONE DE GUTAPERCHA 2ª SÉRIE 45;8806387800071
3;CONE DE GUTAPERCHA CALIBRADA N°45 80 2° SERIE;8806387800071
3;CONE GUTAPERCHA N°45;8806387800071
3;PONTA DE GUTA CALIBRADA 2° SÉRIE 45/80 DENTSPLY;8806387800071
3;POR CATEGORIA ENDODONTIA GUTA PERCHA GUTA PERCHA 2 SERIE 45 80 C;8806387800071
1;CONE DE GUTA PERCHA PRINCIPAL N.35 EMB.C/120 UNID;8806387800064
3;CONE DE GUTA PERCHA CALIBRADA N° 35 TUBO C/120UND;8806387800064
3;CONE DE GUTA PRINCIPAL C/120 MKLIFE;8806387800064
3;CONE DE GUTA PRINCIPAL N 35;8806387800064
3;CONE DE GUTTA PERCHA MICROTIPPED FM, F, MF, M C/120 UNID;8806387800064
3;CONE DE GUTTA PERCHA PRINCIPAL/STANDARD;8806387800064
3;CONE GUTAPERCHA N°35;8806387800064
3;GUTA PERCHA CALIBRADA DENTSPLY;8806387800064
1;VACINA HEPATITE B ADULTO IND. SER. 1ML(EUVAX);8801051711646
3;VACINA EUVAX ADULTO FR AMP 1ML;8801051711646
1;KINESIOSPORT AZUL;8800960010918
3;BANDAGEM ELASTICA ADESIVA KINESIOSPORT 5CM X 5M AZUL;8800960010918
3;BANDAGEM ELÁSTICA ADESIVA KINESIO SPORT AZUL;8800960010918
3;BANDAGEM ELÁSTICA ADESIVA KINESIOSPORT AZUL;8800960010918
3;BANDAGEM ELÁSTICA ADESIVA KINESIOSPORT AZUL 5CM X 5M;8800960010918
3;BANDAGEM ELÁSTICA AZUL 6M;8800960010918
3;BANDAGEM ELÁSTICA KINESIOSPORT AZUL;8800960010918
3;FAIXA ELÁSTICA ADESIVA AZUL (5CM X 5M) KINESIOSPORT;8800960010918
3;KINESIOSPORT BANDAGEM ELÁSTICA ADESIVA 5M X 5CM;8800960010918
1;KINESIOSPORT BEGE;8800960010901
3;ATADURA ELÁSTICA AUTOADERENTE KINESIOSPORT BEGE;8800960010901
3;ATADURA ELÁSTICA KINESIOSPORT AUTOADERENTE BEGE;8800960010901
3;BANDAGEM ELASTICA ADESIVA KINESIOSPORT 5CM X 6M BEGE;8800960010901
3;BANDAGEM ELÁSTICA ADESIVA KINESIOSPORT BEGE 5CM X 6M;8800960010901
3;BANDAGEM ELÁSTICA ADESIVA KINESIOSPORT SOFT BEGE;8800960010901
3;BANDAGEM ELÁSTICA BEGE 6M;8800960010901
3;BANDAGEM RÍGIDA BEGE;8800960010901
3;BANDAGEM RÍGIDA, KINESIOSPORT, BEGE;8800960010901
1;BANAMINE INJ 50 ML;8713184127655
3;BANAMINE 50ML EM PROMOÇÃO NO MAGAZINE LUIZA;8713184127655
3;BANAMINE 50ML;8713184127655
3;BANAMINE INJ, 50 ML;8713184127655
3;BANAMINE INJETAVEL 50ML;8713184127655
3;BANAMINE INJETAVEL 50ML MSD ANALGÉSICO, ANTI;8713184127655
3;BANAMINE INJETÁVEL 50 ML;8713184127655
1;PREGOMIN PEPTI 400G;8712400801546
3;AQUI TEM PREGOMIN PEPTI 400G;8712400801546
3;DANONE NUTRICIA FÓRMULA INFANTIL PREGOMIN PEPTI 400G;8712400801546
3;FÓRMULA INFANTIL PREGOMIN PEPTI DANONE COM 400G;8712400801546
3;FÓRMULA INFANTIL: PREGOMIN PEPTI 400G;8712400801546
3;PREGOMIN PEPTI 400G;8712400801546
3;PREGOMIN PEPTI LT 400G;8712400801546
1;LAMPADA P/ INFRAVERMELHO;8711500575357
3;LAMPADA INFRAVERMELHO;8711500575357
3;LAMPADA INFRAVERMELHO EM PROMOÇÃO NO MAGAZINE LUIZA;8711500575357
3;LAMPADA INFRAVERMELHO NA AMAZON.COM.BR;8711500575357
3;LAMPADA INFRAVERMELHO: PROMOÇÕES;8711500575357
3;LÂMPADA HALÓGENA INFRAVERMELHO;8711500575357
3;LÂMPADA INFRAVERMELHO PARA FISIOTERAPIA 250W;8711500575357
3;LÂMPADA INFRAVERMELHO PHILIPS 150W;8711500575357
3;LÂMPADAS INFRAVERMELHO;8711500575357
1;ACICLOVIR 50MG/10G CREME-ACICLOVIR-PRATIDONADUZZI  E CIA LTDA;864
1;INSULINA DETEMIR - CONCENTRACAO/DOSAGEM 100 U/ML, FORMA FARMACEUTICA SOLUCAO INJETAVEL, FORMA DE APRESENTACAO SISTEMA DE;8590355010257
1;LEVEMIR FLEXPEN 100UI 3ML 5UN;8590355010257
3;INSULINA ANALOGA LEVEMIR FLEXPEN 3ML + 1 APLICADOR;8590355010257
3;INSULINA LEVEMIR FLEXPEN 100UI/ML 3ML CANETA GELADEIRA;8590355010257
3;INSULINA LEVEMIR FLEXPEN NOVO NORDISK 1 CANETA DESCARTÁVEL 3ML;8590355010257
3;LEVEMIR FLEXAROPEN 100UI 3ML 5UN;8590355010257
1;SEVOFLURANO 250 ML/SEVONESS CX 6 FR (C1);85412087146
1;SEVOFLURANO 250 ML/SEVONESS CX 6 FR (C1) BAXTER;85412087146
1;ALBUMINA HUMANA 20% 50 ML;8470008606689
3;ALBUMINA HUMANA 20% C/1FA 50ML;8470008606689
1;ALBUMINA HUMANA 20% 50ML FA;8470008606689
1;ALBUMINA HUMANA 20% 50ML FA (ITEM: );8470008606689
3;ALBUMINA HUMANA 20% 1F/A 50ML IV CSL BEHRING ALBUREX 20;8470008606689
1;ALBUMINA HUMANA 20% 50ML GRIFOLS;8470008606689
1;ALBUMINA HUMANA 20% F/A 50ML;8470008606689
3;ALBUMINA HUMANA 20% INJETÁVEL 50ML OCTALBIN UNIÃO QUÍMICA;8470008606689
3;AMPOLA COM 50ML DE SOLUÇÃO;8470008606689
1;ALBUMINA HUMANA GRIFOLS 20% 50ML FA;8470008606689
1;ALBUMINA HUMANA SOL. INJ. 20% - 50ML C/EQUIPO.;8470008606689
1;ALBUMINA HUMANA SOLUCAO INJETAVEL 20% FRASCO COM 50ML;8470008606689
1;GAMA ANTI-D RH (IMUNOGLOBULINA) 750UI/ML-2ML-CAIXA C/ 1- GRIFOLS (REFRIGERADO) VAL:30-06-2019;8470008000869
1;IMUNOGLOBULINA HUMANA ANTI-RHO D GRIFOLS;8470008000869
3;D GRIFOLS 750UI/ML;8470008000869
3;IMUNOGLOBULINA RHO(D);8470008000869
1;ALBUMINA  HUMANA 20% 50ML GRIFOLS;8470006706121
1;ALBUMINA HUMANA - 20 50ML- CAIXA C/ 1FA - GRIFOLS (REFRIGERADO) VAL:30-11-2020;8470006706121
1;ALBUMINA HUMANA  20 10G50ML SOL INJ -;8470006706121
1;ALBUMINA HUMANA 20 10G50ML SOL INJ -;8470006706121
1;ALBUMINA HUMANA 20 50ML - GRIFOLS VAL:28-02-2020;8470006706121
1;ALBUMINA HUMANA 20 50ML SOL INJ -;8470006706121
3;ALBUMINA HUMANA 20% C/1FA 50ML;8470006706121
3;BLAUBIMAX 20 % SOL INJ CT FA VD TRANS X 50 ML;8470006706121
1;ALBUMINA HUMANA 20 SOL INJETAVELFRASCO AMPOLA C1  C50 ML -;8470006706121
3;ALBUMINA HUMANA 20% INJETÁVEL 50ML OCTALBIN UNIÃO QUÍMICA;8470006706121
1;ALBUMINA HUMANA 20% INJ 50ML;8470006706121
1;ALBUMINA HUMANA 20% INJ CX 1 F;8470006706121
